0000,rw
0001,rw
0002,rw
0003,rw
0004,rw
0005,r
0007,r
0008,rw
0009,rw
000a,rw
000b,rw
000c,rw
000d,rw
000e,rw
000f,rw
0010,r
0011,r
0012,r
0013,r
0014,r
0015,r
0016,r
0017,r
0018,r
0019,r
001a,rw
001b,rw
001c,rw
001d,rw
001e,rw
001f,rw
0020,rw
0030,r
0031,r
0032,r
0033,r
0034,r
0035,r
0036,r
0037,r
0038,r
0039,r
003a,rw
0050,rw
0060,rw
0061,rw
0062,rw
0063,rw
0064,rw
0065,rw
0066,rw
0067,rw
0068,rw
0069,rw
006a,rw
0070,r
0071,r
0072,r
0073,r
0074,r
0075,r
0076,r
0077,r
0078,r
0079,r
007a,r
007b,r
007c,r
007d,r
007e,r
00d8,rw
00d9,rw
00da,rw
00db,rw
00dc,rw
00dd,rw
00de,rw
00df,rw
00e0,rw
00e1,rw
00e2,rw
00e3,rw
00e4,rw
00e5,rw
00e6,rw
00e7,rw
00e8,r
00e9,r
00ea,r
00eb,r
00ec,r
00ed,r
00ee,r
00ef,r
00f7,r
00f8,rw
00f9,rw
00fa,rw
00fb,rw
00fc,r
00fd,r
00fe,r
00ff,r
0100,r
0101,r
2a00,rw
2a01,rw
2a02,rw
2a03,rw
2a04,rw
2a05,rw
2a06,rw
2a07,rw
2a08,rw
2a09,rw
2a0a,rw
2a0b,rw
2a0c,rw
2a0d,rw
2a0e,rw
2a0f,rw
2a10,rw
2a11,rw
2a12,rw
2a13,rw
2a14,rw
2a15,rw
2a16,rw
2a17,rw
2a18,rw
2a19,rw
2a1a,rw
2a1b,rw
2a1c,rw
2a1d,rw
2a1e,rw
2a1f,rw
2a20,rw
2a21,rw
2a22,rw
2a23,rw
2a24,rw
2a25,rw
2a26,rw
2a27,rw
2a28,rw
2a29,rw
2a2a,rw
2a2b,rw
2a2c,rw
2a2d,rw
2a2e,rw
2a2f,rw
2a30,rw
2a31,rw
2a32,rw
2a33,rw
2a34,rw
2a35,rw
2a36,rw
2a37,rw
2a38,rw
2a39,rw
2a3a,rw
2a3b,rw
2a3c,rw
2a3d,rw
2a3e,rw
2a3f,rw
2a40,rw
2a41,rw
2a42,rw
2a43,rw
2a44,rw
2a45,rw
2a46,rw
2a47,rw
2a48,rw
2a49,rw
2a4a,rw
2a4b,rw
2a4c,rw
2a4d,rw
2a4e,rw
2a4f,rw
2a50,rw
2a51,rw
2a52,rw
2a53,rw
2a54,rw
2a55,rw
2a56,rw
2a57,rw
2a58,rw
2a59,rw
2a5a,rw
2a5b,rw
2a5c,rw
2a5d,rw
2a5e,rw
2a5f,rw
2a60,rw
2a61,rw
2a62,rw
2a63,rw
2a64,rw
2a65,rw
2a66,rw
2a67,rw
2a68,rw
2a69,rw
2a6a,rw
2a6b,rw
2a6c,rw
2a6d,rw
2a6e,rw
2a6f,rw
2a70,rw
2a71,rw
2a72,rw
2a73,rw
2a74,rw
2a75,rw
2a76,rw
2a77,rw
2a78,rw
2a79,rw
2a7a,rw
2a7b,rw
2a7c,rw
2a7d,rw
2a7e,rw
2a7f,rw
2a80,rw
2a81,rw
2a82,rw
2a83,rw
2a84,rw
2a85,rw
2a86,rw
2a87,rw
2a88,rw
2a89,rw
2a8a,rw
2a8b,rw
2a8c,rw
2a8d,rw
2a8e,rw
2a8f,rw
2a90,rw
2a91,rw
2a92,rw
2a93,rw
2a94,rw
2a95,rw
2a96,rw
2a97,rw
2a98,rw
2a99,rw
2a9a,rw
2a9b,rw
2a9c,rw
2a9d,rw
2a9e,rw
2a9f,rw
2aa0,rw
2aa1,rw
2aa2,rw
2aa3,rw
2aa4,rw
2aa5,rw
2aa6,rw
2aa7,rw
2aa8,rw
2aa9,rw
2aaa,rw
2aab,rw
2aac,rw
2aad,rw
2aae,rw
2aaf,rw
2ab0,rw
2ab1,rw
2ab2,rw
2ab3,rw
2ab4,rw
2ab5,rw
2ab6,rw
2ab7,rw
2ab8,rw
2ab9,rw
2aba,rw
2abb,rw
2abc,rw
2abd,rw
2abe,rw
2abf,rw
2ac0,rw
2ac1,rw
2ac2,rw
2ac3,rw
2ac4,rw
2ac5,rw
2ac6,rw
2ac7,rw
2ac8,rw
2ac9,rw
2aca,rw
2acb,rw
2acc,rw
2acd,rw
2ace,rw
2acf,rw
2ad0,rw
2ad1,rw
2ad2,rw
2ad3,rw
2ad4,rw
2ad5,rw
2ad6,rw
2ad7,rw
2ad8,rw
2ad9,rw
2ada,rw
2adb,rw
2adc,rw
2add,rw
2ade,rw
2adf,rw
2ae0,rw
2ae1,rw
2ae2,rw
2ae3,rw
2ae4,rw
2ae5,rw
2ae6,rw
2ae7,rw
2ae8,rw
2ae9,rw
2aea,rw
2aeb,rw
2aec,rw
2aed,rw
2aee,rw
2aef,rw
2af0,rw
2af1,rw
2af2,rw
2af3,rw
2af4,rw
2af5,rw
2af6,rw
2af7,rw
2af8,rw
2af9,rw
2afa,rw
2afb,rw
2afc,rw
2afd,rw
2afe,rw
2aff,rw
3000,rw
3001,rw
3002,rw
3003,rw
3004,rw
3005,rw
3006,rw
3007,rw
3008,rw
3009,rw
300a,rw
300b,rw
300c,rw
300d,rw
300e,rw
300f,rw
3010,rw
3011,rw
3012,rw
3013,rw
3014,rw
3015,rw
3016,rw
3017,rw
3018,rw
3019,rw
301a,rw
301b,rw
301c,rw
301d,rw
301e,rw
301f,rw
3020,rw
3021,rw
3022,rw
3023,rw
3024,rw
3025,rw
3026,rw
3027,rw
3028,rw
3029,rw
302a,rw
302b,rw
302c,rw
302d,rw
302e,rw
302f,rw
3030,rw
3031,rw
3032,rw
3033,rw
3034,rw
3035,rw
3036,rw
3037,rw
3038,rw
3039,rw
303a,rw
303b,rw
303c,rw
303d,rw
303e,rw
303f,rw
3040,rw
3041,rw
3042,rw
3043,rw
3044,rw
3045,rw
3046,rw
3047,rw
3048,rw
3049,rw
304a,rw
304b,rw
304c,rw
304d,rw
304e,rw
304f,rw
3050,rw
3051,rw
3052,rw
3053,rw
3054,rw
3055,rw
3056,rw
3057,rw
3058,rw
3059,rw
305a,rw
305b,rw
305c,rw
305d,rw
305e,rw
305f,rw
3060,rw
3061,rw
3062,rw
3063,rw
3064,rw
3065,rw
3066,rw
3067,rw
3068,rw
3069,rw
306a,rw
306b,rw
306c,rw
306d,rw
306e,rw
306f,rw
3070,rw
3071,rw
3072,rw
3073,rw
3074,rw
3075,rw
3076,rw
3077,rw
3078,rw
3079,rw
307a,rw
307b,rw
307c,rw
307d,rw
307e,rw
307f,rw
3080,rw
3081,rw
3082,rw
3083,rw
3084,rw
3085,rw
3086,rw
3087,rw
3088,rw
3089,rw
308a,rw
308b,rw
308c,rw
308d,rw
308e,rw
308f,rw
3090,rw
3091,rw
3092,rw
3093,rw
3094,rw
3095,rw
3096,rw
3097,rw
3098,rw
3099,rw
309a,rw
309b,rw
309c,rw
309d,rw
309e,rw
309f,rw
30a0,rw
30a1,rw
30a2,rw
30a3,rw
30a4,rw
30a5,rw
30a6,rw
30a7,rw
30a8,rw
30a9,rw
30aa,rw
30ab,rw
30ac,rw
30ad,rw
30ae,rw
30af,rw
30b0,rw
30b1,rw
30b2,rw
30b3,rw
30b4,rw
30b5,rw
30b6,rw
30b7,rw
30b8,rw
30b9,rw
30ba,rw
30bb,rw
30bc,rw
30bd,rw
30be,rw
30bf,rw
30c0,rw
30c1,rw
30c2,rw
30c3,rw
30c4,rw
30c5,rw
30c6,rw
30c7,rw
30c8,rw
30c9,rw
30ca,rw
30cb,rw
30cc,rw
30cd,rw
30ce,rw
30cf,rw
30d0,rw
30d1,rw
30d2,rw
30d3,rw
30d4,rw
30d5,rw
30d6,rw
30d7,rw
30d8,rw
30d9,rw
30da,rw
30db,rw
30dc,rw
30dd,rw
30de,rw
30df,rw
30e0,rw
30e1,rw
30e2,rw
30e3,rw
30e4,rw
30e5,rw
30e6,rw
30e7,rw
30e8,rw
30e9,rw
30ea,rw
30eb,rw
30ec,rw
30ed,rw
30ee,rw
30ef,rw
30f0,rw
30f1,rw
30f2,rw
30f3,rw
30f4,rw
30f5,rw
30f6,rw
30f7,rw
30f8,rw
30f9,rw
30fa,rw
30fb,rw
30fc,rw
30fd,rw
30fe,rw
30ff,rw
3100,rw
3101,rw
3102,rw
3103,rw
3104,rw
3105,rw
3106,rw
3107,rw
3108,rw
3109,rw
310a,rw
310b,rw
310c,rw
310d,rw
310e,rw
310f,rw
3110,rw
3111,rw
3112,rw
3113,rw
3114,rw
3115,rw
3116,rw
3117,rw
3118,rw
3119,rw
311a,rw
311b,rw
311c,rw
311d,rw
311e,rw
311f,rw
3120,rw
3121,rw
3122,rw
3123,rw
3124,rw
3125,rw
3126,rw
3127,rw
3128,rw
3129,rw
312a,rw
312b,rw
312c,rw
312d,rw
312e,rw
312f,rw
3130,rw
3131,rw
3132,rw
3133,rw
3134,rw
3135,rw
3136,rw
3137,rw
3138,rw
3139,rw
313a,rw
313b,rw
313c,rw
313d,rw
313e,rw
313f,rw
3140,rw
3141,rw
3142,rw
3143,rw
3144,rw
3145,rw
3146,rw
3147,rw
3148,rw
3149,rw
314a,rw
314b,rw
314c,rw
314d,rw
314e,rw
314f,rw
3150,rw
3151,rw
3152,rw
3153,rw
3154,rw
3155,rw
3156,rw
3157,rw
3158,rw
3159,rw
315a,rw
315b,rw
315c,rw
315d,rw
315e,rw
315f,rw
3160,rw
3161,rw
3162,rw
3163,rw
3164,rw
3165,rw
3166,rw
3167,rw
3168,rw
3169,rw
316a,rw
316b,rw
316c,rw
316d,rw
316e,rw
316f,rw
3170,rw
3171,rw
3172,rw
3173,rw
3174,rw
3175,rw
3176,rw
3177,rw
3178,rw
3179,rw
317a,rw
317b,rw
317c,rw
317d,rw
317e,rw
317f,rw
3180,rw
3181,rw
3182,rw
3183,rw
3184,rw
3185,rw
3186,rw
3187,rw
3188,rw
3189,rw
318a,rw
318b,rw
318c,rw
318d,rw
318e,rw
318f,rw
3190,rw
3191,rw
3192,rw
3193,rw
3194,rw
3195,rw
3196,rw
3197,rw
3198,rw
3199,rw
319a,rw
319b,rw
319c,rw
319d,rw
319e,rw
319f,rw
31a0,rw
31a1,rw
31a2,rw
31a3,rw
31a4,rw
31a5,rw
31a6,rw
31a7,rw
31a8,rw
31a9,rw
31aa,rw
31ab,rw
31ac,rw
31ad,rw
31ae,rw
31af,rw
31b0,rw
31b1,rw
31b2,rw
31b3,rw
31b4,rw
31b5,rw
31b6,rw
31b7,rw
31b8,rw
31b9,rw
31ba,rw
31bb,rw
31bc,rw
31bd,rw
31be,rw
31bf,rw
31c0,rw
31c1,rw
31c2,rw
31c3,rw
31c4,rw
31c5,rw
31c6,rw
31c7,rw
31c8,rw
31c9,rw
31ca,rw
31cb,rw
31cc,rw
31cd,rw
31ce,rw
31cf,rw
31d0,rw
31d1,rw
31d2,rw
31d3,rw
31d4,rw
31d5,rw
31d6,rw
31d7,rw
31d8,rw
31d9,rw
31da,rw
31db,rw
31dc,rw
31dd,rw
31de,rw
31df,rw
31e0,rw
31e1,rw
31e2,rw
31e3,rw
31e4,rw
31e5,rw
31e6,rw
31e7,rw
31e8,rw
31e9,rw
31ea,rw
31eb,rw
31ec,rw
31ed,rw
31ee,rw
31ef,rw
31f0,rw
31f1,rw
31f2,rw
31f3,rw
31f4,rw
31f5,rw
31f6,rw
31f7,rw
31f8,rw
31f9,rw
31fa,rw
31fb,rw
31fc,rw
31fd,rw
31fe,rw
31ff,rw
3200,rw
3201,rw
3202,rw
3203,rw
3204,rw
3205,rw
3206,rw
3207,rw
3208,rw
3209,rw
320a,rw
320b,rw
320c,rw
320d,rw
320e,rw
320f,rw
3210,rw
3211,rw
3212,rw
3213,rw
3214,rw
3215,rw
3216,rw
3217,rw
3218,rw
3219,rw
321a,rw
321b,rw
321c,rw
321d,rw
321e,rw
321f,rw
3220,rw
3221,rw
3222,rw
3223,rw
3224,rw
3225,rw
3226,rw
3227,rw
3228,rw
3229,rw
322a,rw
322b,rw
322c,rw
322d,rw
322e,rw
322f,rw
3230,rw
3231,rw
3232,rw
3233,rw
3234,rw
3235,rw
3236,rw
3237,rw
3238,rw
3239,rw
323a,rw
323b,rw
323c,rw
323d,rw
323e,rw
323f,rw
3240,rw
3241,rw
3242,rw
3243,rw
3244,rw
3245,rw
3246,rw
3247,rw
3248,rw
3249,rw
324a,rw
324b,rw
324c,rw
324d,rw
324e,rw
324f,rw
3250,rw
3251,rw
3252,rw
3253,rw
3254,rw
3255,rw
3256,rw
3257,rw
3258,rw
3259,rw
325a,rw
325b,rw
325c,rw
325d,rw
325e,rw
325f,rw
3260,rw
3261,rw
3262,rw
3263,rw
3264,rw
3265,rw
3266,rw
3267,rw
3268,rw
3269,rw
326a,rw
326b,rw
326c,rw
326d,rw
326e,rw
326f,rw
3270,rw
3271,rw
3272,rw
3273,rw
3274,rw
3275,rw
3276,rw
3277,rw
3278,rw
3279,rw
327a,rw
327b,rw
327c,rw
327d,rw
327e,rw
327f,rw
3280,rw
3281,rw
3282,rw
3283,rw
3284,rw
3285,rw
3286,rw
3287,rw
3288,rw
3289,rw
328a,rw
328b,rw
328c,rw
328d,rw
328e,rw
328f,rw
3290,rw
3291,rw
3292,rw
3293,rw
3294,rw
3295,rw
3296,rw
3297,rw
3298,rw
3299,rw
329a,rw
329b,rw
329c,rw
329d,rw
329e,rw
329f,rw
32a0,rw
32a1,rw
32a2,rw
32a3,rw
32a4,rw
32a5,rw
32a6,rw
32a7,rw
32a8,rw
32a9,rw
32aa,rw
32ab,rw
32ac,rw
32ad,rw
32ae,rw
32af,rw
32b0,rw
32b1,rw
32b2,rw
32b3,rw
32b4,rw
32b5,rw
32b6,rw
32b7,rw
32b8,rw
32b9,rw
32ba,rw
32bb,rw
32bc,rw
32bd,rw
32be,rw
32bf,rw
32c0,rw
32c1,rw
32c2,rw
32c3,rw
32c4,rw
32c5,rw
32c6,rw
32c7,rw
32c8,rw
32c9,rw
32ca,rw
32cb,rw
32cc,rw
32cd,rw
32ce,rw
32cf,rw
32d0,rw
32d1,rw
32d2,rw
32d3,rw
32d4,rw
32d5,rw
32d6,rw
32d7,rw
32d8,rw
32d9,rw
32da,rw
32db,rw
32dc,rw
32dd,rw
32de,rw
32df,rw
32e0,rw
32e1,rw
32e2,rw
32e3,rw
32e4,rw
32e5,rw
32e6,rw
32e7,rw
32e8,rw
32e9,rw
32ea,rw
32eb,rw
32ec,rw
32ed,rw
32ee,rw
32ef,rw
32f0,rw
32f1,rw
32f2,rw
32f3,rw
32f4,rw
32f5,rw
32f6,rw
32f7,rw
32f8,rw
32f9,rw
32fa,rw
32fb,rw
32fc,rw
32fd,rw
32fe,rw
32ff,rw
3300,rw
3301,rw
3302,rw
3303,rw
3304,rw
3305,rw
3306,rw
3307,rw
3308,rw
3309,rw
330a,rw
330b,rw
330c,rw
330d,rw
330e,rw
330f,rw
3310,rw
3311,rw
3312,rw
3313,rw
3314,rw
3315,rw
3316,rw
3317,rw
3318,rw
3319,rw
331a,rw
331b,rw
331c,rw
331d,rw
331e,rw
331f,rw
3320,rw
3321,rw
3322,rw
3323,rw
3324,rw
3325,rw
3326,rw
3327,rw
3328,rw
3329,rw
332a,rw
332b,rw
332c,rw
332d,rw
332e,rw
332f,rw
3330,rw
3331,rw
3332,rw
3333,rw
3334,rw
3335,rw
3336,rw
3337,rw
3338,rw
3339,rw
333a,rw
333b,rw
333c,rw
333d,rw
333e,rw
333f,rw
3340,rw
3341,rw
3342,rw
3343,rw
3344,rw
3345,rw
3346,rw
3347,rw
3348,rw
3349,rw
334a,rw
334b,rw
334c,rw
334d,rw
334e,rw
334f,rw
3350,rw
3351,rw
3352,rw
3353,rw
3354,rw
3355,rw
3356,rw
3357,rw
3358,rw
3359,rw
335a,rw
335b,rw
335c,rw
335d,rw
335e,rw
335f,rw
3360,rw
3361,rw
3362,rw
3363,rw
3364,rw
3365,rw
3366,rw
3367,rw
3368,rw
3369,rw
336a,rw
336b,rw
336c,rw
336d,rw
336e,rw
336f,rw
3370,rw
3371,rw
3372,rw
3373,rw
3374,rw
3375,rw
3376,rw
3377,rw
3378,rw
3379,rw
337a,rw
337b,rw
337c,rw
337d,rw
337e,rw
337f,rw
3380,rw
3381,rw
3382,rw
3383,rw
3384,rw
3385,rw
3386,rw
3387,rw
3388,rw
3389,rw
338a,rw
338b,rw
338c,rw
338d,rw
338e,rw
338f,rw
3390,rw
3391,rw
3392,rw
3393,rw
3394,rw
3395,rw
3396,rw
3397,rw
3398,rw
3399,rw
339a,rw
339b,rw
339c,rw
339d,rw
339e,rw
339f,rw
33a0,rw
33a1,rw
33a2,rw
33a3,rw
33a4,rw
33a5,rw
33a6,rw
33a7,rw
33a8,rw
33a9,rw
33aa,rw
33ab,rw
33ac,rw
33ad,rw
33ae,rw
33af,rw
33b0,rw
33b1,rw
33b2,rw
33b3,rw
33b4,rw
33b5,rw
33b6,rw
33b7,rw
33b8,rw
33b9,rw
33ba,rw
33bb,rw
33bc,rw
33bd,rw
33be,rw
33bf,rw
33c0,rw
33c1,rw
33c2,rw
33c3,rw
33c4,rw
33c5,rw
33c6,rw
33c7,rw
33c8,rw
33c9,rw
33ca,rw
33cb,rw
33cc,rw
33cd,rw
33ce,rw
33cf,rw
33d0,rw
33d1,rw
33d2,rw
33d3,rw
33d4,rw
33d5,rw
33d6,rw
33d7,rw
33d8,rw
33d9,rw
33da,rw
33db,rw
33dc,rw
33dd,rw
33de,rw
33df,rw
33e0,rw
33e1,rw
33e2,rw
33e3,rw
33e4,rw
33e5,rw
33e6,rw
33e7,rw
33e8,rw
33e9,rw
33ea,rw
33eb,rw
33ec,rw
33ed,rw
33ee,rw
33ef,rw
33f0,rw
33f1,rw
33f2,rw
33f3,rw
33f4,rw
33f5,rw
33f6,rw
33f7,rw
33f8,rw
33f9,rw
33fa,rw
33fb,rw
33fc,rw
33fd,rw
33fe,rw
33ff,rw
3400,rw
3401,rw
3402,rw
3403,rw
3404,rw
3405,rw
3406,rw
3407,rw
3408,rw
3409,rw
340a,rw
340b,rw
340c,rw
340d,rw
340e,rw
340f,rw
3410,rw
3411,rw
3412,rw
3413,rw
3414,rw
3415,rw
3416,rw
3417,rw
3418,rw
3419,rw
341a,rw
341b,rw
341c,rw
341d,rw
341e,rw
341f,rw
3420,rw
3421,rw
3422,rw
3423,rw
3424,rw
3425,rw
3426,rw
3427,rw
3428,rw
3429,rw
342a,rw
342b,rw
342c,rw
342d,rw
342e,rw
342f,rw
3430,rw
3431,rw
3432,rw
3433,rw
3434,rw
3435,rw
3436,rw
3437,rw
3438,rw
3439,rw
343a,rw
343b,rw
343c,rw
343d,rw
343e,rw
343f,rw
3440,rw
3441,rw
3442,rw
3443,rw
3444,rw
3445,rw
3446,rw
3447,rw
3448,rw
3449,rw
344a,rw
344b,rw
344c,rw
344d,rw
344e,rw
344f,rw
3450,rw
3451,rw
3452,rw
3453,rw
3454,rw
3455,rw
3456,rw
3457,rw
3458,rw
3459,rw
345a,rw
345b,rw
345c,rw
345d,rw
345e,rw
345f,rw
3460,rw
3461,rw
3462,rw
3463,rw
3464,rw
3465,rw
3466,rw
3467,rw
3468,rw
3469,rw
346a,rw
346b,rw
346c,rw
346d,rw
346e,rw
346f,rw
3470,rw
3471,rw
3472,rw
3473,rw
3474,rw
3475,rw
3476,rw
3477,rw
3478,rw
3479,rw
347a,rw
347b,rw
347c,rw
347d,rw
347e,rw
347f,rw
3480,rw
3481,rw
3482,rw
3483,rw
3484,rw
3485,rw
3486,rw
3487,rw
3488,rw
3489,rw
348a,rw
348b,rw
348c,rw
348d,rw
348e,rw
348f,rw
3490,rw
3491,rw
3492,rw
3493,rw
3494,rw
3495,rw
3496,rw
3497,rw
3498,rw
3499,rw
349a,rw
349b,rw
349c,rw
349d,rw
349e,rw
349f,rw
34a0,rw
34a1,rw
34a2,rw
34a3,rw
34a4,rw
34a5,rw
34a6,rw
34a7,rw
34a8,rw
34a9,rw
34aa,rw
34ab,rw
34ac,rw
34ad,rw
34ae,rw
34af,rw
34b0,rw
34b1,rw
34b2,rw
34b3,rw
34b4,rw
34b5,rw
34b6,rw
34b7,rw
34b8,rw
34b9,rw
34ba,rw
34bb,rw
34bc,rw
34bd,rw
34be,rw
34bf,rw
34c0,rw
34c1,rw
34c2,rw
34c3,rw
34c4,rw
34c5,rw
34c6,rw
34c7,rw
34c8,rw
34c9,rw
34ca,rw
34cb,rw
34cc,rw
34cd,rw
34ce,rw
34cf,rw
34d0,rw
34d1,rw
34d2,rw
34d3,rw
34d4,rw
34d5,rw
34d6,rw
34d7,rw
34d8,rw
34d9,rw
34da,rw
34db,rw
34dc,rw
34dd,rw
34de,rw
34df,rw
34e0,rw
34e1,rw
34e2,rw
34e3,rw
34e4,rw
34e5,rw
34e6,rw
34e7,rw
34e8,rw
34e9,rw
34ea,rw
34eb,rw
34ec,rw
34ed,rw
34ee,rw
34ef,rw
34f0,rw
34f1,rw
34f2,rw
34f3,rw
34f4,rw
34f5,rw
34f6,rw
34f7,rw
34f8,rw
34f9,rw
34fa,rw
34fb,rw
34fc,rw
34fd,rw
34fe,rw
34ff,rw
3500,rw
3501,rw
3502,rw
3503,rw
3504,rw
3505,rw
3506,rw
3507,rw
3508,rw
3509,rw
350a,rw
350b,rw
350c,rw
350d,rw
350e,rw
350f,rw
3510,rw
3511,rw
3512,rw
3513,rw
3514,rw
3515,rw
3516,rw
3517,rw
3518,rw
3519,rw
351a,rw
351b,rw
351c,rw
351d,rw
351e,rw
351f,rw
3520,rw
3521,rw
3522,rw
3523,rw
3524,rw
3525,rw
3526,rw
3527,rw
3528,rw
3529,rw
352a,rw
352b,rw
352c,rw
352d,rw
352e,rw
352f,rw
3530,rw
3531,rw
3532,rw
3533,rw
3534,rw
3535,rw
3536,rw
3537,rw
3538,rw
3539,rw
353a,rw
353b,rw
353c,rw
353d,rw
353e,rw
353f,rw
3540,rw
3541,rw
3542,rw
3543,rw
3544,rw
3545,rw
3546,rw
3547,rw
3548,rw
3549,rw
354a,rw
354b,rw
354c,rw
354d,rw
354e,rw
354f,rw
3550,rw
3551,rw
3552,rw
3553,rw
3554,rw
3555,rw
3556,rw
3557,rw
3558,rw
3559,rw
355a,rw
355b,rw
355c,rw
355d,rw
355e,rw
355f,rw
3560,rw
3561,rw
3562,rw
3563,rw
3564,rw
3565,rw
3566,rw
3567,rw
3568,rw
3569,rw
356a,rw
356b,rw
356c,rw
356d,rw
356e,rw
356f,rw
3570,rw
3571,rw
3572,rw
3573,rw
3574,rw
3575,rw
3576,rw
3577,rw
3578,rw
3579,rw
357a,rw
357b,rw
357c,rw
357d,rw
357e,rw
357f,rw
3580,rw
3581,rw
3582,rw
3583,rw
3584,rw
3585,rw
3586,rw
3587,rw
3588,rw
3589,rw
358a,rw
358b,rw
358c,rw
358d,rw
358e,rw
358f,rw
3590,rw
3591,rw
3592,rw
3593,rw
3594,rw
3595,rw
3596,rw
3597,rw
3598,rw
3599,rw
359a,rw
359b,rw
359c,rw
359d,rw
359e,rw
359f,rw
35a0,rw
35a1,rw
35a2,rw
35a3,rw
35a4,rw
35a5,rw
35a6,rw
35a7,rw
35a8,rw
35a9,rw
35aa,rw
35ab,rw
35ac,rw
35ad,rw
35ae,rw
35af,rw
35b0,rw
35b1,rw
35b2,rw
35b3,rw
35b4,rw
35b5,rw
35b6,rw
35b7,rw
35b8,rw
35b9,rw
35ba,rw
35bb,rw
35bc,rw
35bd,rw
35be,rw
35bf,rw
35c0,rw
35c1,rw
35c2,rw
35c3,rw
35c4,rw
35c5,rw
35c6,rw
35c7,rw
35c8,rw
35c9,rw
35ca,rw
35cb,rw
35cc,rw
35cd,rw
35ce,rw
35cf,rw
35d0,rw
35d1,rw
35d2,rw
35d3,rw
35d4,rw
35d5,rw
35d6,rw
35d7,rw
35d8,rw
35d9,rw
35da,rw
35db,rw
35dc,rw
35dd,rw
35de,rw
35df,rw
35e0,rw
35e1,rw
35e2,rw
35e3,rw
35e4,rw
35e5,rw
35e6,rw
35e7,rw
35e8,rw
35e9,rw
35ea,rw
35eb,rw
35ec,rw
35ed,rw
35ee,rw
35ef,rw
35f0,rw
35f1,rw
35f2,rw
35f3,rw
35f4,rw
35f5,rw
35f6,rw
35f7,rw
35f8,rw
35f9,rw
35fa,rw
35fb,rw
35fc,rw
35fd,rw
35fe,rw
35ff,rw
3600,rw
3601,rw
3602,rw
3603,rw
3604,rw
3605,rw
3606,rw
3607,rw
3608,rw
3609,rw
360a,rw
360b,rw
360c,rw
360d,rw
360e,rw
360f,rw
3610,rw
3611,rw
3612,rw
3613,rw
3614,rw
3615,rw
3616,rw
3617,rw
3618,rw
3619,rw
361a,rw
361b,rw
361c,rw
361d,rw
361e,rw
361f,rw
3620,rw
3621,rw
3622,rw
3623,rw
3624,rw
3625,rw
3626,rw
3627,rw
3628,rw
3629,rw
362a,rw
362b,rw
362c,rw
362d,rw
362e,rw
362f,rw
3630,rw
3631,rw
3632,rw
3633,rw
3634,rw
3635,rw
3636,rw
3637,rw
3638,rw
3639,rw
363a,rw
363b,rw
363c,rw
363d,rw
363e,rw
363f,rw
3640,rw
3641,rw
3642,rw
3643,rw
3644,rw
3645,rw
3646,rw
3647,rw
3648,rw
3649,rw
364a,rw
364b,rw
364c,rw
364d,rw
364e,rw
364f,rw
3650,rw
3651,rw
3652,rw
3653,rw
3654,rw
3655,rw
3656,rw
3657,rw
3658,rw
3659,rw
365a,rw
365b,rw
365c,rw
365d,rw
365e,rw
365f,rw
3660,rw
3661,rw
3662,rw
3663,rw
3664,rw
3665,rw
3666,rw
3667,rw
3668,rw
3669,rw
366a,rw
366b,rw
366c,rw
366d,rw
366e,rw
366f,rw
3670,rw
3671,rw
3672,rw
3673,rw
3674,rw
3675,rw
3676,rw
3677,rw
3678,rw
3679,rw
367a,rw
367b,rw
367c,rw
367d,rw
367e,rw
367f,rw
3680,rw
3681,rw
3682,rw
3683,rw
3684,rw
3685,rw
3686,rw
3687,rw
3688,rw
3689,rw
368a,rw
368b,rw
368c,rw
368d,rw
368e,rw
368f,rw
3690,rw
3691,rw
3692,rw
3693,rw
3694,rw
3695,rw
3696,rw
3697,rw
3698,rw
3699,rw
369a,rw
369b,rw
369c,rw
369d,rw
369e,rw
369f,rw
36a0,rw
36a1,rw
36a2,rw
36a3,rw
36a4,rw
36a5,rw
36a6,rw
36a7,rw
36a8,rw
36a9,rw
36aa,rw
36ab,rw
36ac,rw
36ad,rw
36ae,rw
36af,rw
36b0,rw
36b1,rw
36b2,rw
36b3,rw
36b4,rw
36b5,rw
36b6,rw
36b7,rw
36b8,rw
36b9,rw
36ba,rw
36bb,rw
36bc,rw
36bd,rw
36be,rw
36bf,rw
36c0,rw
36c1,rw
36c2,rw
36c3,rw
36c4,rw
36c5,rw
36c6,rw
36c7,rw
36c8,rw
36c9,rw
36ca,rw
36cb,rw
36cc,rw
36cd,rw
36ce,rw
36cf,rw
36d0,rw
36d1,rw
36d2,rw
36d3,rw
36d4,rw
36d5,rw
36d6,rw
36d7,rw
36d8,rw
36d9,rw
36da,rw
36db,rw
36dc,rw
36dd,rw
36de,rw
36df,rw
36e0,rw
36e1,rw
36e2,rw
36e3,rw
36e4,rw
36e5,rw
36e6,rw
36e7,rw
36e8,rw
36e9,rw
36ea,rw
36eb,rw
36ec,rw
36ed,rw
36ee,rw
36ef,rw
36f0,rw
36f1,rw
36f2,rw
36f3,rw
36f4,rw
36f5,rw
36f6,rw
36f7,rw
36f8,rw
36f9,rw
36fa,rw
36fb,rw
36fc,rw
36fd,rw
36fe,rw
36ff,rw
3700,rw
3701,rw
3702,rw
3703,rw
3704,rw
3705,rw
3706,rw
3707,rw
3708,rw
3709,rw
370a,rw
370b,rw
370c,rw
370d,rw
370e,rw
370f,rw
3710,rw
3711,rw
3712,rw
3713,rw
3714,rw
3715,rw
3716,rw
3717,rw
3718,rw
3719,rw
371a,rw
371b,rw
371c,rw
371d,rw
371e,rw
371f,rw
3720,rw
3721,rw
3722,rw
3723,rw
3724,rw
3725,rw
3726,rw
3727,rw
3728,rw
3729,rw
372a,rw
372b,rw
372c,rw
372d,rw
372e,rw
372f,rw
3730,rw
3731,rw
3732,rw
3733,rw
3734,rw
3735,rw
3736,rw
3737,rw
3738,rw
3739,rw
373a,rw
373b,rw
373c,rw
373d,rw
373e,rw
373f,rw
3740,rw
3741,rw
3742,rw
3743,rw
3744,rw
3745,rw
3746,rw
3747,rw
3748,rw
3749,rw
374a,rw
374b,rw
374c,rw
374d,rw
374e,rw
374f,rw
3750,rw
3751,rw
3752,rw
3753,rw
3754,rw
3755,rw
3756,rw
3757,rw
3758,rw
3759,rw
375a,rw
375b,rw
375c,rw
375d,rw
375e,rw
375f,rw
3760,rw
3761,rw
3762,rw
3763,rw
3764,rw
3765,rw
3766,rw
3767,rw
3768,rw
3769,rw
376a,rw
376b,rw
376c,rw
376d,rw
376e,rw
376f,rw
3770,rw
3771,rw
3772,rw
3773,rw
3774,rw
3775,rw
3776,rw
3777,rw
3778,rw
3779,rw
377a,rw
377b,rw
377c,rw
377d,rw
377e,rw
377f,rw
3780,rw
3781,rw
3782,rw
3783,rw
3784,rw
3785,rw
3786,rw
3787,rw
3788,rw
3789,rw
378a,rw
378b,rw
378c,rw
378d,rw
378e,rw
378f,rw
3790,rw
3791,rw
3792,rw
3793,rw
3794,rw
3795,rw
3796,rw
3797,rw
3798,rw
3799,rw
379a,rw
379b,rw
379c,rw
379d,rw
379e,rw
379f,rw
37a0,rw
37a1,rw
37a2,rw
37a3,rw
37a4,rw
37a5,rw
37a6,rw
37a7,rw
37a8,rw
37a9,rw
37aa,rw
37ab,rw
37ac,rw
37ad,rw
37ae,rw
37af,rw
37b0,rw
37b1,rw
37b2,rw
37b3,rw
37b4,rw
37b5,rw
37b6,rw
37b7,rw
37b8,rw
37b9,rw
37ba,rw
37bb,rw
37bc,rw
37bd,rw
37be,rw
37bf,rw
37c0,rw
37c1,rw
37c2,rw
37c3,rw
37c4,rw
37c5,rw
37c6,rw
37c7,rw
37c8,rw
37c9,rw
37ca,rw
37cb,rw
37cc,rw
37cd,rw
37ce,rw
37cf,rw
37d0,rw
37d1,rw
37d2,rw
37d3,rw
37d4,rw
37d5,rw
37d6,rw
37d7,rw
37d8,rw
37d9,rw
37da,rw
37db,rw
37dc,rw
37dd,rw
37de,rw
37df,rw
37e0,rw
37e1,rw
37e2,rw
37e3,rw
37e4,rw
37e5,rw
37e6,rw
37e7,rw
37e8,rw
37e9,rw
37ea,rw
37eb,rw
37ec,rw
37ed,rw
37ee,rw
37ef,rw
37f0,rw
37f1,rw
37f2,rw
37f3,rw
37f4,rw
37f5,rw
37f6,rw
37f7,rw
37f8,rw
37f9,rw
37fa,rw
37fb,rw
37fc,rw
37fd,rw
37fe,rw
37ff,rw
3800,rw
3801,rw
3802,rw
3803,rw
3804,rw
3805,rw
3806,rw
3807,rw
3808,rw
3809,rw
380a,rw
380b,rw
380c,rw
380d,rw
380e,rw
380f,rw
3810,rw
3811,rw
3812,rw
3813,rw
3814,rw
3815,rw
3816,rw
3817,rw
3818,rw
3819,rw
381a,rw
381b,rw
381c,rw
381d,rw
381e,rw
381f,rw
3820,rw
3821,rw
3822,rw
3823,rw
3824,rw
3825,rw
3826,rw
3827,rw
3828,rw
3829,rw
382a,rw
382b,rw
382c,rw
382d,rw
382e,rw
382f,rw
3830,rw
3831,rw
3832,rw
3833,rw
3834,rw
3835,rw
3836,rw
3837,rw
3838,rw
3839,rw
383a,rw
383b,rw
383c,rw
383d,rw
383e,rw
383f,rw
3840,rw
3841,rw
3842,rw
3843,rw
3844,rw
3845,rw
3846,rw
3847,rw
3848,rw
3849,rw
384a,rw
384b,rw
384c,rw
384d,rw
384e,rw
384f,rw
3850,rw
3851,rw
3852,rw
3853,rw
3854,rw
3855,rw
3856,rw
3857,rw
3858,rw
3859,rw
385a,rw
385b,rw
385c,rw
385d,rw
385e,rw
385f,rw
3860,rw
3861,rw
3862,rw
3863,rw
3864,rw
3865,rw
3866,rw
3867,rw
3868,rw
3869,rw
386a,rw
386b,rw
386c,rw
386d,rw
386e,rw
386f,rw
3870,rw
3871,rw
3872,rw
3873,rw
3874,rw
3875,rw
3876,rw
3877,rw
3878,rw
3879,rw
387a,rw
387b,rw
387c,rw
387d,rw
387e,rw
387f,rw
3880,rw
3881,rw
3882,rw
3883,rw
3884,rw
3885,rw
3886,rw
3887,rw
3888,rw
3889,rw
388a,rw
388b,rw
388c,rw
388d,rw
388e,rw
388f,rw
3890,rw
3891,rw
3892,rw
3893,rw
3894,rw
3895,rw
3896,rw
3897,rw
3898,rw
3899,rw
389a,rw
389b,rw
389c,rw
389d,rw
389e,rw
389f,rw
38a0,rw
38a1,rw
38a2,rw
38a3,rw
38a4,rw
38a5,rw
38a6,rw
38a7,rw
38a8,rw
38a9,rw
38aa,rw
38ab,rw
38ac,rw
38ad,rw
38ae,rw
38af,rw
38b0,rw
38b1,rw
38b2,rw
38b3,rw
38b4,rw
38b5,rw
38b6,rw
38b7,rw
38b8,rw
38b9,rw
38ba,rw
38bb,rw
38bc,rw
38bd,rw
38be,rw
38bf,rw
38c0,rw
38c1,rw
38c2,rw
38c3,rw
38c4,rw
38c5,rw
38c6,rw
38c7,rw
38c8,rw
38c9,rw
38ca,rw
38cb,rw
38cc,rw
38cd,rw
38ce,rw
38cf,rw
38d0,rw
38d1,rw
38d2,rw
38d3,rw
38d4,rw
38d5,rw
38d6,rw
38d7,rw
38d8,rw
38d9,rw
38da,rw
38db,rw
38dc,rw
38dd,rw
38de,rw
38df,rw
38e0,rw
38e1,rw
38e2,rw
38e3,rw
38e4,rw
38e5,rw
38e6,rw
38e7,rw
38e8,rw
38e9,rw
38ea,rw
38eb,rw
38ec,rw
38ed,rw
38ee,rw
38ef,rw
38f0,rw
38f1,rw
38f2,rw
38f3,rw
38f4,rw
38f5,rw
38f6,rw
38f7,rw
38f8,rw
38f9,rw
38fa,rw
38fb,rw
38fc,rw
38fd,rw
38fe,rw
38ff,rw
3900,rw
3901,rw
3902,rw
3903,rw
3904,rw
3905,rw
3906,rw
3907,rw
3908,rw
3909,rw
390a,rw
390b,rw
390c,rw
390d,rw
390e,rw
390f,rw
3910,rw
3911,rw
3912,rw
3913,rw
3914,rw
3915,rw
3916,rw
3917,rw
3918,rw
3919,rw
391a,rw
391b,rw
391c,rw
391d,rw
391e,rw
391f,rw
3920,rw
3921,rw
3922,rw
3923,rw
3924,rw
3925,rw
3926,rw
3927,rw
3928,rw
3929,rw
392a,rw
392b,rw
392c,rw
392d,rw
392e,rw
392f,rw
3930,rw
3931,rw
3932,rw
3933,rw
3934,rw
3935,rw
3936,rw
3937,rw
3938,rw
3939,rw
393a,rw
393b,rw
393c,rw
393d,rw
393e,rw
393f,rw
3940,rw
3941,rw
3942,rw
3943,rw
3944,rw
3945,rw
3946,rw
3947,rw
3948,rw
3949,rw
394a,rw
394b,rw
394c,rw
394d,rw
394e,rw
394f,rw
3950,rw
3951,rw
3952,rw
3953,rw
3954,rw
3955,rw
3956,rw
3957,rw
3958,rw
3959,rw
395a,rw
395b,rw
395c,rw
395d,rw
395e,rw
395f,rw
3960,rw
3961,rw
3962,rw
3963,rw
3964,rw
3965,rw
3966,rw
3967,rw
3968,rw
3969,rw
396a,rw
396b,rw
396c,rw
396d,rw
396e,rw
396f,rw
3970,rw
3971,rw
3972,rw
3973,rw
3974,rw
3975,rw
3976,rw
3977,rw
3978,rw
3979,rw
397a,rw
397b,rw
397c,rw
397d,rw
397e,rw
397f,rw
3980,rw
3981,rw
3982,rw
3983,rw
3984,rw
3985,rw
3986,rw
3987,rw
3988,rw
3989,rw
398a,rw
398b,rw
398c,rw
398d,rw
398e,rw
398f,rw
3990,rw
3991,rw
3992,rw
3993,rw
3994,rw
3995,rw
3996,rw
3997,rw
3998,rw
3999,rw
399a,rw
399b,rw
399c,rw
399d,rw
399e,rw
399f,rw
39a0,rw
39a1,rw
39a2,rw
39a3,rw
39a4,rw
39a5,rw
39a6,rw
39a7,rw
39a8,rw
39a9,rw
39aa,rw
39ab,rw
39ac,rw
39ad,rw
39ae,rw
39af,rw
39b0,rw
39b1,rw
39b2,rw
39b3,rw
39b4,rw
39b5,rw
39b6,rw
39b7,rw
39b8,rw
39b9,rw
39ba,rw
39bb,rw
39bc,rw
39bd,rw
39be,rw
39bf,rw
39c0,rw
39c1,rw
39c2,rw
39c3,rw
39c4,rw
39c5,rw
39c6,rw
39c7,rw
39c8,rw
39c9,rw
39ca,rw
39cb,rw
39cc,rw
39cd,rw
39ce,rw
39cf,rw
39d0,rw
39d1,rw
39d2,rw
39d3,rw
39d4,rw
39d5,rw
39d6,rw
39d7,rw
39d8,rw
39d9,rw
39da,rw
39db,rw
39dc,rw
39dd,rw
39de,rw
39df,rw
39e0,rw
39e1,rw
39e2,rw
39e3,rw
39e4,rw
39e5,rw
39e6,rw
39e7,rw
39e8,rw
39e9,rw
39ea,rw
39eb,rw
39ec,rw
39ed,rw
39ee,rw
39ef,rw
39f0,rw
39f1,rw
39f2,rw
39f3,rw
39f4,rw
39f5,rw
39f6,rw
39f7,rw
39f8,rw
39f9,rw
39fa,rw
39fb,rw
39fc,rw
39fd,rw
39fe,rw
39ff,rw
3a00,rw
3a01,rw
3a02,rw
3a03,rw
3a04,rw
3a05,rw
3a06,rw
3a07,rw
3a08,rw
3a09,rw
3a0a,rw
3a0b,rw
3a0c,rw
3a0d,rw
3a0e,rw
3a0f,rw
3a10,rw
3a11,rw
3a12,rw
3a13,rw
3a14,rw
3a15,rw
3a16,rw
3a17,rw
3a18,rw
3a19,rw
3a1a,rw
3a1b,rw
3a1c,rw
3a1d,rw
3a1e,rw
3a1f,rw
3a20,rw
3a21,rw
3a22,rw
3a23,rw
3a24,rw
3a25,rw
3a26,rw
3a27,rw
3a28,rw
3a29,rw
3a2a,rw
3a2b,rw
3a2c,rw
3a2d,rw
3a2e,rw
3a2f,rw
3a30,rw
3a31,rw
3a32,rw
3a33,rw
3a34,rw
3a35,rw
3a36,rw
3a37,rw
3a38,rw
3a39,rw
3a3a,rw
3a3b,rw
3a3c,rw
3a3d,rw
3a3e,rw
3a3f,rw
3a40,rw
3a41,rw
3a42,rw
3a43,rw
3a44,rw
3a45,rw
3a46,rw
3a47,rw
3a48,rw
3a49,rw
3a4a,rw
3a4b,rw
3a4c,rw
3a4d,rw
3a4e,rw
3a4f,rw
3a50,rw
3a51,rw
3a52,rw
3a53,rw
3a54,rw
3a55,rw
3a56,rw
3a57,rw
3a58,rw
3a59,rw
3a5a,rw
3a5b,rw
3a5c,rw
3a5d,rw
3a5e,rw
3a5f,rw
3a60,rw
3a61,rw
3a62,rw
3a63,rw
3a64,rw
3a65,rw
3a66,rw
3a67,rw
3a68,rw
3a69,rw
3a6a,rw
3a6b,rw
3a6c,rw
3a6d,rw
3a6e,rw
3a6f,rw
3a70,rw
3a71,rw
3a72,rw
3a73,rw
3a74,rw
3a75,rw
3a76,rw
3a77,rw
3a78,rw
3a79,rw
3a7a,rw
3a7b,rw
3a7c,rw
3a7d,rw
3a7e,rw
3a7f,rw
3a80,rw
3a81,rw
3a82,rw
3a83,rw
3a84,rw
3a85,rw
3a86,rw
3a87,rw
3a88,rw
3a89,rw
3a8a,rw
3a8b,rw
3a8c,rw
3a8d,rw
3a8e,rw
3a8f,rw
3a90,rw
3a91,rw
3a92,rw
3a93,rw
3a94,rw
3a95,rw
3a96,rw
3a97,rw
3a98,rw
3a99,rw
3a9a,rw
3a9b,rw
3a9c,rw
3a9d,rw
3a9e,rw
3a9f,rw
3aa0,rw
3aa1,rw
3aa2,rw
3aa3,rw
3aa4,rw
3aa5,rw
3aa6,rw
3aa7,rw
3aa8,rw
3aa9,rw
3aaa,rw
3aab,rw
3aac,rw
3aad,rw
3aae,rw
3aaf,rw
3ab0,rw
3ab1,rw
3ab2,rw
3ab3,rw
3ab4,rw
3ab5,rw
3ab6,rw
3ab7,rw
3ab8,rw
3ab9,rw
3aba,rw
3abb,rw
3abc,rw
3abd,rw
3abe,rw
3abf,rw
3ac0,rw
3ac1,rw
3ac2,rw
3ac3,rw
3ac4,rw
3ac5,rw
3ac6,rw
3ac7,rw
3ac8,rw
3ac9,rw
3aca,rw
3acb,rw
3acc,rw
3acd,rw
3ace,rw
3acf,rw
3ad0,rw
3ad1,rw
3ad2,rw
3ad3,rw
3ad4,rw
3ad5,rw
3ad6,rw
3ad7,rw
3ad8,rw
3ad9,rw
3ada,rw
3adb,rw
3adc,rw
3add,rw
3ade,rw
3adf,rw
3ae0,rw
3ae1,rw
3ae2,rw
3ae3,rw
3ae4,rw
3ae5,rw
3ae6,rw
3ae7,rw
3ae8,rw
3ae9,rw
3aea,rw
3aeb,rw
3aec,rw
3aed,rw
3aee,rw
3aef,rw
3af0,rw
3af1,rw
3af2,rw
3af3,rw
3af4,rw
3af5,rw
3af6,rw
3af7,rw
3af8,rw
3af9,rw
3afa,rw
3afb,rw
3afc,rw
3afd,rw
3afe,rw
3aff,rw
3b00,rw
3b01,rw
3b02,rw
3b03,rw
3b04,rw
3b05,rw
3b06,rw
3b07,rw
3b08,rw
3b09,rw
3b0a,rw
3b0b,rw
3b0c,rw
3b0d,rw
3b0e,rw
3b0f,rw
3b10,rw
3b11,rw
3b12,rw
3b13,rw
3b14,rw
3b15,rw
3b16,rw
3b17,rw
3b18,rw
3b19,rw
3b1a,rw
3b1b,rw
3b1c,rw
3b1d,rw
3b1e,rw
3b1f,rw
3b20,rw
3b21,rw
3b22,rw
3b23,rw
3b24,rw
3b25,rw
3b26,rw
3b27,rw
3b28,rw
3b29,rw
3b2a,rw
3b2b,rw
3b2c,rw
3b2d,rw
3b2e,rw
3b2f,rw
3b30,rw
3b31,rw
3b32,rw
3b33,rw
3b34,rw
3b35,rw
3b36,rw
3b37,rw
3b38,rw
3b39,rw
3b3a,rw
3b3b,rw
3b3c,rw
3b3d,rw
3b3e,rw
3b3f,rw
3b40,rw
3b41,rw
3b42,rw
3b43,rw
3b44,rw
3b45,rw
3b46,rw
3b47,rw
3b48,rw
3b49,rw
3b4a,rw
3b4b,rw
3b4c,rw
3b4d,rw
3b4e,rw
3b4f,rw
3b50,rw
3b51,rw
3b52,rw
3b53,rw
3b54,rw
3b55,rw
3b56,rw
3b57,rw
3b58,rw
3b59,rw
3b5a,rw
3b5b,rw
3b5c,rw
3b5d,rw
3b5e,rw
3b5f,rw
3b60,rw
3b61,rw
3b62,rw
3b63,rw
3b64,rw
3b65,rw
3b66,rw
3b67,rw
3b68,rw
3b69,rw
3b6a,rw
3b6b,rw
3b6c,rw
3b6d,rw
3b6e,rw
3b6f,rw
3b70,rw
3b71,rw
3b72,rw
3b73,rw
3b74,rw
3b75,rw
3b76,rw
3b77,rw
3b78,rw
3b79,rw
3b7a,rw
3b7b,rw
3b7c,rw
3b7d,rw
3b7e,rw
3b7f,rw
3b80,rw
3b81,rw
3b82,rw
3b83,rw
3b84,rw
3b85,rw
3b86,rw
3b87,rw
3b88,rw
3b89,rw
3b8a,rw
3b8b,rw
3b8c,rw
3b8d,rw
3b8e,rw
3b8f,rw
3b90,rw
3b91,rw
3b92,rw
3b93,rw
3b94,rw
3b95,rw
3b96,rw
3b97,rw
3b98,rw
3b99,rw
3b9a,rw
3b9b,rw
3b9c,rw
3b9d,rw
3b9e,rw
3b9f,rw
3ba0,rw
3ba1,rw
3ba2,rw
3ba3,rw
3ba4,rw
3ba5,rw
3ba6,rw
3ba7,rw
3ba8,rw
3ba9,rw
3baa,rw
3bab,rw
3bac,rw
3bad,rw
3bae,rw
3baf,rw
3bb0,rw
3bb1,rw
3bb2,rw
3bb3,rw
3bb4,rw
3bb5,rw
3bb6,rw
3bb7,rw
3bb8,rw
3bb9,rw
3bba,rw
3bbb,rw
3bbc,rw
3bbd,rw
3bbe,rw
3bbf,rw
3bc0,rw
3bc1,rw
3bc2,rw
3bc3,rw
3bc4,rw
3bc5,rw
3bc6,rw
3bc7,rw
3bc8,rw
3bc9,rw
3bca,rw
3bcb,rw
3bcc,rw
3bcd,rw
3bce,rw
3bcf,rw
3bd0,rw
3bd1,rw
3bd2,rw
3bd3,rw
3bd4,rw
3bd5,rw
3bd6,rw
3bd7,rw
3bd8,rw
3bd9,rw
3bda,rw
3bdb,rw
3bdc,rw
3bdd,rw
3bde,rw
3bdf,rw
3be0,rw
3be1,rw
3be2,rw
3be3,rw
3be4,rw
3be5,rw
3be6,rw
3be7,rw
3be8,rw
3be9,rw
3bea,rw
3beb,rw
3bec,rw
3bed,rw
3bee,rw
3bef,rw
3bf0,rw
3bf1,rw
3bf2,rw
3bf3,rw
3bf4,rw
3bf5,rw
3bf6,rw
3bf7,rw
3bf8,rw
3bf9,rw
3bfa,rw
3bfb,rw
3bfc,rw
3bfd,rw
3bfe,rw
3bff,rw
3c00,rw
3c01,rw
3c02,rw
3c03,rw
3c04,rw
3c05,rw
3c06,rw
3c07,rw
3c08,rw
3c09,rw
3c0a,rw
3c0b,rw
3c0c,rw
3c0d,rw
3c0e,rw
3c0f,rw
3c10,rw
3c11,rw
3c12,rw
3c13,rw
3c14,rw
3c15,rw
3c16,rw
3c17,rw
3c18,rw
3c19,rw
3c1a,rw
3c1b,rw
3c1c,rw
3c1d,rw
3c1e,rw
3c1f,rw
3c20,rw
3c21,rw
3c22,rw
3c23,rw
3c24,rw
3c25,rw
3c26,rw
3c27,rw
3c28,rw
3c29,rw
3c2a,rw
3c2b,rw
3c2c,rw
3c2d,rw
3c2e,rw
3c2f,rw
3c30,rw
3c31,rw
3c32,rw
3c33,rw
3c34,rw
3c35,rw
3c36,rw
3c37,rw
3c38,rw
3c39,rw
3c3a,rw
3c3b,rw
3c3c,rw
3c3d,rw
3c3e,rw
3c3f,rw
3c40,rw
3c41,rw
3c42,rw
3c43,rw
3c44,rw
3c45,rw
3c46,rw
3c47,rw
3c48,rw
3c49,rw
3c4a,rw
3c4b,rw
3c4c,rw
3c4d,rw
3c4e,rw
3c4f,rw
3c50,rw
3c51,rw
3c52,rw
3c53,rw
3c54,rw
3c55,rw
3c56,rw
3c57,rw
3c58,rw
3c59,rw
3c5a,rw
3c5b,rw
3c5c,rw
3c5d,rw
3c5e,rw
3c5f,rw
3c60,rw
3c61,rw
3c62,rw
3c63,rw
3c64,rw
3c65,rw
3c66,rw
3c67,rw
3c68,rw
3c69,rw
3c6a,rw
3c6b,rw
3c6c,rw
3c6d,rw
3c6e,rw
3c6f,rw
3c70,rw
3c71,rw
3c72,rw
3c73,rw
3c74,rw
3c75,rw
3c76,rw
3c77,rw
3c78,rw
3c79,rw
3c7a,rw
3c7b,rw
3c7c,rw
3c7d,rw
3c7e,rw
3c7f,rw
3c80,rw
3c81,rw
3c82,rw
3c83,rw
3c84,rw
3c85,rw
3c86,rw
3c87,rw
3c88,rw
3c89,rw
3c8a,rw
3c8b,rw
3c8c,rw
3c8d,rw
3c8e,rw
3c8f,rw
3c90,rw
3c91,rw
3c92,rw
3c93,rw
3c94,rw
3c95,rw
3c96,rw
3c97,rw
3c98,rw
3c99,rw
3c9a,rw
3c9b,rw
3c9c,rw
3c9d,rw
3c9e,rw
3c9f,rw
3ca0,rw
3ca1,rw
3ca2,rw
3ca3,rw
3ca4,rw
3ca5,rw
3ca6,rw
3ca7,rw
3ca8,rw
3ca9,rw
3caa,rw
3cab,rw
3cac,rw
3cad,rw
3cae,rw
3caf,rw
3cb0,rw
3cb1,rw
3cb2,rw
3cb3,rw
3cb4,rw
3cb5,rw
3cb6,rw
3cb7,rw
3cb8,rw
3cb9,rw
3cba,rw
3cbb,rw
3cbc,rw
3cbd,rw
3cbe,rw
3cbf,rw
3cc0,rw
3cc1,rw
3cc2,rw
3cc3,rw
3cc4,rw
3cc5,rw
3cc6,rw
3cc7,rw
3cc8,rw
3cc9,rw
3cca,rw
3ccb,rw
3ccc,rw
3ccd,rw
3cce,rw
3ccf,rw
3cd0,rw
3cd1,rw
3cd2,rw
3cd3,rw
3cd4,rw
3cd5,rw
3cd6,rw
3cd7,rw
3cd8,rw
3cd9,rw
3cda,rw
3cdb,rw
3cdc,rw
3cdd,rw
3cde,rw
3cdf,rw
3ce0,rw
3ce1,rw
3ce2,rw
3ce3,rw
3ce4,rw
3ce5,rw
3ce6,rw
3ce7,rw
3ce8,rw
3ce9,rw
3cea,rw
3ceb,rw
3cec,rw
3ced,rw
3cee,rw
3cef,rw
3cf0,rw
3cf1,rw
3cf2,rw
3cf3,rw
3cf4,rw
3cf5,rw
3cf6,rw
3cf7,rw
3cf8,rw
3cf9,rw
3cfa,rw
3cfb,rw
3cfc,rw
3cfd,rw
3cfe,rw
3cff,rw
3d00,rw
3d01,rw
3d02,rw
3d03,rw
3d04,rw
3d05,rw
3d06,rw
3d07,rw
3d08,rw
3d09,rw
3d0a,rw
3d0b,rw
3d0c,rw
3d0d,rw
3d0e,rw
3d0f,rw
3d10,rw
3d11,rw
3d12,rw
3d13,rw
3d14,rw
3d15,rw
3d16,rw
3d17,rw
3d18,rw
3d19,rw
3d1a,rw
3d1b,rw
3d1c,rw
3d1d,rw
3d1e,rw
3d1f,rw
3d20,rw
3d21,rw
3d22,rw
3d23,rw
3d24,rw
3d25,rw
3d26,rw
3d27,rw
3d28,rw
3d29,rw
3d2a,rw
3d2b,rw
3d2c,rw
3d2d,rw
3d2e,rw
3d2f,rw
3d30,rw
3d31,rw
3d32,rw
3d33,rw
3d34,rw
3d35,rw
3d36,rw
3d37,rw
3d38,rw
3d39,rw
3d3a,rw
3d3b,rw
3d3c,rw
3d3d,rw
3d3e,rw
3d3f,rw
3d40,rw
3d41,rw
3d42,rw
3d43,rw
3d44,rw
3d45,rw
3d46,rw
3d47,rw
3d48,rw
3d49,rw
3d4a,rw
3d4b,rw
3d4c,rw
3d4d,rw
3d4e,rw
3d4f,rw
3d50,rw
3d51,rw
3d52,rw
3d53,rw
3d54,rw
3d55,rw
3d56,rw
3d57,rw
3d58,rw
3d59,rw
3d5a,rw
3d5b,rw
3d5c,rw
3d5d,rw
3d5e,rw
3d5f,rw
3d60,rw
3d61,rw
3d62,rw
3d63,rw
3d64,rw
3d65,rw
3d66,rw
3d67,rw
3d68,rw
3d69,rw
3d6a,rw
3d6b,rw
3d6c,rw
3d6d,rw
3d6e,rw
3d6f,rw
3d70,rw
3d71,rw
3d72,rw
3d73,rw
3d74,rw
3d75,rw
3d76,rw
3d77,rw
3d78,rw
3d79,rw
3d7a,rw
3d7b,rw
3d7c,rw
3d7d,rw
3d7e,rw
3d7f,rw
3d80,rw
3d81,rw
3d82,rw
3d83,rw
3d84,rw
3d85,rw
3d86,rw
3d87,rw
3d88,rw
3d89,rw
3d8a,rw
3d8b,rw
3d8c,rw
3d8d,rw
3d8e,rw
3d8f,rw
3d90,rw
3d91,rw
3d92,rw
3d93,rw
3d94,rw
3d95,rw
3d96,rw
3d97,rw
3d98,rw
3d99,rw
3d9a,rw
3d9b,rw
3d9c,rw
3d9d,rw
3d9e,rw
3d9f,rw
3da0,rw
3da1,rw
3da2,rw
3da3,rw
3da4,rw
3da5,rw
3da6,rw
3da7,rw
3da8,rw
3da9,rw
3daa,rw
3dab,rw
3dac,rw
3dad,rw
3dae,rw
3daf,rw
3db0,rw
3db1,rw
3db2,rw
3db3,rw
3db4,rw
3db5,rw
3db6,rw
3db7,rw
3db8,rw
3db9,rw
3dba,rw
3dbb,rw
3dbc,rw
3dbd,rw
3dbe,rw
3dbf,rw
3dc0,rw
3dc1,rw
3dc2,rw
3dc3,rw
3dc4,rw
3dc5,rw
3dc6,rw
3dc7,rw
3dc8,rw
3dc9,rw
3dca,rw
3dcb,rw
3dcc,rw
3dcd,rw
3dce,rw
3dcf,rw
3dd0,rw
3dd1,rw
3dd2,rw
3dd3,rw
3dd4,rw
3dd5,rw
3dd6,rw
3dd7,rw
3dd8,rw
3dd9,rw
3dda,rw
3ddb,rw
3ddc,rw
3ddd,rw
3dde,rw
3ddf,rw
3de0,rw
3de1,rw
3de2,rw
3de3,rw
3de4,rw
3de5,rw
3de6,rw
3de7,rw
3de8,rw
3de9,rw
3dea,rw
3deb,rw
4000,rw
4001,rw
4002,rw
4003,rw
4004,rw
4005,rw
4006,rw
4007,rw
4008,rw
4009,rw
400a,rw
400b,rw
400c,rw
400d,rw
400e,rw
400f,rw
4010,rw
4011,rw
4012,rw
4013,rw
4014,rw
4015,rw
4016,rw
4017,rw
4018,rw
4019,rw
401a,rw
401b,rw
401c,rw
401d,rw
401e,rw
401f,rw
4020,rw
4021,rw
4022,rw
4023,rw
4024,rw
4025,rw
4026,rw
4027,rw
4028,rw
4029,rw
402a,rw
402b,rw
402c,rw
402d,rw
402e,rw
402f,rw
4030,rw
4031,rw
4032,rw
4033,rw
4034,rw
4035,rw
4036,rw
4037,rw
4038,rw
4039,rw
403a,rw
403b,rw
403c,rw
403d,rw
403e,rw
403f,rw
4040,rw
4041,rw
4042,rw
4043,rw
4044,rw
4045,rw
4046,rw
4047,rw
4048,rw
4049,rw
404a,rw
404b,rw
404c,rw
404d,rw
404e,rw
404f,rw
4050,rw
4051,rw
4052,rw
4053,rw
4054,rw
4055,rw
4056,rw
4057,rw
4058,rw
4059,rw
405a,rw
405b,rw
405c,rw
405d,rw
405e,rw
405f,rw
4060,rw
4061,rw
4062,rw
4063,rw
4064,rw
4065,rw
4066,rw
4067,rw
4068,rw
4069,rw
406a,rw
406b,rw
406c,rw
406d,rw
406e,rw
406f,rw
4070,rw
4071,rw
4072,rw
4073,rw
4074,rw
4075,rw
4076,rw
4077,rw
4078,rw
4079,rw
407a,rw
407b,rw
407c,rw
407d,rw
407e,rw
407f,rw
4080,rw
4081,rw
4082,rw
4083,rw
4084,rw
4085,rw
4086,rw
4087,rw
4088,rw
4089,rw
408a,rw
408b,rw
408c,rw
408d,rw
408e,rw
408f,rw
4090,rw
4091,rw
4092,rw
4093,rw
4094,rw
4095,rw
4096,rw
4097,rw
4098,rw
4099,rw
409a,rw
409b,rw
409c,rw
409d,rw
409e,rw
409f,rw
40a0,rw
40a1,rw
40a2,rw
40a3,rw
40a4,rw
40a5,rw
40a6,rw
40a7,rw
40a8,rw
40a9,rw
40aa,rw
40ab,rw
40ac,rw
40ad,rw
40ae,rw
40af,rw
40b0,rw
40b1,rw
40b2,rw
40b3,rw
40b4,rw
40b5,rw
40b6,rw
40b7,rw
40b8,rw
40b9,rw
40ba,rw
40bb,rw
40bc,rw
40bd,rw
40be,rw
40bf,rw
40c0,rw
40c1,rw
40c2,rw
40c3,rw
40c4,rw
40c5,rw
40c6,rw
40c7,rw
40c8,rw
40c9,rw
40ca,rw
40cb,rw
40cc,rw
40cd,rw
40ce,rw
40cf,rw
40d0,rw
40d1,rw
40d2,rw
40d3,rw
40d4,rw
40d5,rw
40d6,rw
40d7,rw
40d8,rw
40d9,rw
40da,rw
40db,rw
40dc,rw
40dd,rw
40de,rw
40df,rw
40e0,rw
40e1,rw
40e2,rw
40e3,rw
40e4,rw
40e5,rw
40e6,rw
40e7,rw
40e8,rw
40e9,rw
40ea,rw
40eb,rw
40ec,rw
40ed,rw
40ee,rw
40ef,rw
40f0,rw
40f1,rw
40f2,rw
40f3,rw
40f4,rw
40f5,rw
40f6,rw
40f7,rw
40f8,rw
40f9,rw
40fa,rw
40fb,rw
40fc,rw
40fd,rw
40fe,rw
40ff,rw
4100,rw
4101,rw
4102,rw
4103,rw
4104,rw
4105,rw
4106,rw
4107,rw
4108,rw
4109,rw
410a,rw
410b,rw
410c,rw
410d,rw
410e,rw
410f,rw
4110,rw
4111,rw
4112,rw
4113,rw
4114,rw
4115,rw
4116,rw
4117,rw
4118,rw
4119,rw
411a,rw
411b,rw
411c,rw
411d,rw
411e,rw
411f,rw
4120,rw
4121,rw
4122,rw
4123,rw
4124,rw
4125,rw
4126,rw
4127,rw
4128,rw
4129,rw
412a,rw
412b,rw
412c,rw
412d,rw
412e,rw
412f,rw
4130,rw
4131,rw
4132,rw
4133,rw
4134,rw
4135,rw
4136,rw
4137,rw
4138,rw
4139,rw
413a,rw
413b,rw
413c,rw
413d,rw
413e,rw
413f,rw
4140,rw
4141,rw
4142,rw
4143,rw
4144,rw
4145,rw
4146,rw
4147,rw
4148,rw
4149,rw
414a,rw
414b,rw
414c,rw
414d,rw
414e,rw
414f,rw
4150,rw
4151,rw
4152,rw
4153,rw
4154,rw
4155,rw
4156,rw
4157,rw
4158,rw
4159,rw
415a,rw
415b,rw
415c,rw
415d,rw
415e,rw
415f,rw
4160,rw
4161,rw
4162,rw
4163,rw
4164,rw
4165,rw
4166,rw
4167,rw
4168,rw
4169,rw
416a,rw
416b,rw
416c,rw
416d,rw
416e,rw
416f,rw
4170,rw
4171,rw
4172,rw
4173,rw
4174,rw
4175,rw
4176,rw
4177,rw
4178,rw
4179,rw
417a,rw
417b,rw
417c,rw
417d,rw
417e,rw
417f,rw
4180,rw
4181,rw
4182,rw
4183,rw
4184,rw
4185,rw
4186,rw
4187,rw
4188,rw
4189,rw
418a,rw
418b,rw
418c,rw
418d,rw
418e,rw
418f,rw
4190,rw
4191,rw
4192,rw
4193,rw
4194,rw
4195,rw
4196,rw
4197,rw
4198,rw
4199,rw
419a,rw
419b,rw
419c,rw
419d,rw
419e,rw
419f,rw
41a0,rw
41a1,rw
41a2,rw
41a3,rw
41a4,rw
41a5,rw
41a6,rw
41a7,rw
41a8,rw
41a9,rw
41aa,rw
41ab,rw
41ac,rw
41ad,rw
41ae,rw
41af,rw
41b0,rw
41b1,rw
41b2,rw
41b3,rw
41b4,rw
41b5,rw
41b6,rw
41b7,rw
41b8,rw
41b9,rw
41ba,rw
41bb,rw
41bc,rw
41bd,rw
41be,rw
41bf,rw
41c0,rw
41c1,rw
41c2,rw
41c3,rw
41c4,rw
41c5,rw
41c6,rw
41c7,rw
41c8,rw
41c9,rw
41ca,rw
41cb,rw
41cc,rw
41cd,rw
41ce,rw
41cf,rw
41d0,rw
41d1,rw
41d2,rw
41d3,rw
41d4,rw
41d5,rw
41d6,rw
41d7,rw
41d8,rw
41d9,rw
41da,rw
41db,rw
41dc,rw
41dd,rw
41de,rw
41df,rw
41e0,rw
41e1,rw
41e2,rw
41e3,rw
41e4,rw
41e5,rw
41e6,rw
41e7,rw
41e8,rw
41e9,rw
41ea,rw
41eb,rw
41ec,rw
41ed,rw
41ee,rw
41ef,rw
41f0,rw
41f1,rw
41f2,rw
41f3,rw
41f4,rw
41f5,rw
41f6,rw
41f7,rw
41f8,rw
41f9,rw
41fa,rw
41fb,rw
41fc,rw
41fd,rw
41fe,rw
41ff,rw
4200,rw
4201,rw
4202,rw
4203,rw
4204,rw
4205,rw
4206,rw
4207,rw
4208,rw
4209,rw
420a,rw
420b,rw
420c,rw
420d,rw
420e,rw
420f,rw
4210,rw
4211,rw
4212,rw
4213,rw
4214,rw
4215,rw
4216,rw
4217,rw
4218,rw
4219,rw
421a,rw
421b,rw
421c,rw
421d,rw
421e,rw
421f,rw
4220,rw
4221,rw
4222,rw
4223,rw
4224,rw
4225,rw
4226,rw
4227,rw
4228,rw
4229,rw
422a,rw
422b,rw
422c,rw
422d,rw
422e,rw
422f,rw
4230,rw
4231,rw
4232,rw
4233,rw
4234,rw
4235,rw
4236,rw
4237,rw
4238,rw
4239,rw
423a,rw
423b,rw
423c,rw
423d,rw
423e,rw
423f,rw
4240,rw
4241,rw
4242,rw
4243,rw
4244,rw
4245,rw
4246,rw
4247,rw
4248,rw
4249,rw
424a,rw
424b,rw
424c,rw
424d,rw
424e,rw
424f,rw
4250,rw
4251,rw
4252,rw
4253,rw
4254,rw
4255,rw
4256,rw
4257,rw
4258,rw
4259,rw
425a,rw
425b,rw
425c,rw
425d,rw
425e,rw
425f,rw
4260,rw
4261,rw
4262,rw
4263,rw
4264,rw
4265,rw
4266,rw
4267,rw
4268,rw
4269,rw
426a,rw
426b,rw
426c,rw
426d,rw
426e,rw
426f,rw
4270,rw
4271,rw
4272,rw
4273,rw
4274,rw
4275,rw
4276,rw
4277,rw
4278,rw
4279,rw
427a,rw
427b,rw
427c,rw
427d,rw
427e,rw
427f,rw
4280,rw
4281,rw
4282,rw
4283,rw
4284,rw
4285,rw
4286,rw
4287,rw
4288,rw
4289,rw
428a,rw
428b,rw
428c,rw
428d,rw
428e,rw
428f,rw
4290,rw
4291,rw
4292,rw
4293,rw
4294,rw
4295,rw
4296,rw
4297,rw
4298,rw
4299,rw
429a,rw
429b,rw
429c,rw
429d,rw
429e,rw
429f,rw
42a0,rw
42a1,rw
42a2,rw
42a3,rw
42a4,rw
42a5,rw
42a6,rw
42a7,rw
42a8,rw
42a9,rw
42aa,rw
42ab,rw
42ac,rw
42ad,rw
42ae,rw
42af,rw
42b0,rw
42b1,rw
42b2,rw
42b3,rw
42b4,rw
42b5,rw
42b6,rw
42b7,rw
42b8,rw
42b9,rw
42ba,rw
42bb,rw
42bc,rw
42bd,rw
42be,rw
42bf,rw
42c0,rw
42c1,rw
42c2,rw
42c3,rw
42c4,rw
42c5,rw
42c6,rw
42c7,rw
42c8,rw
42c9,rw
42ca,rw
42cb,rw
42cc,rw
42cd,rw
42ce,rw
42cf,rw
42d0,rw
42d1,rw
42d2,rw
42d3,rw
42d4,rw
42d5,rw
42d6,rw
42d7,rw
42d8,rw
42d9,rw
42da,rw
42db,rw
42dc,rw
42dd,rw
42de,rw
42df,rw
42e0,rw
42e1,rw
42e2,rw
42e3,rw
42e4,rw
42e5,rw
42e6,rw
42e7,rw
42e8,rw
42e9,rw
42ea,rw
42eb,rw
42ec,rw
42ed,rw
42ee,rw
42ef,rw
42f0,rw
42f1,rw
42f2,rw
42f3,rw
42f4,rw
42f5,rw
42f6,rw
42f7,rw
42f8,rw
42f9,rw
42fa,rw
42fb,rw
42fc,rw
42fd,rw
42fe,rw
42ff,rw
4300,rw
4301,rw
4302,rw
4303,rw
4304,rw
4305,rw
4306,rw
4307,rw
4308,rw
4309,rw
430a,rw
430b,rw
430c,rw
430d,rw
430e,rw
430f,rw
4310,rw
4311,rw
4312,rw
4313,rw
4314,rw
4315,rw
4316,rw
4317,rw
4318,rw
4319,rw
431a,rw
431b,rw
431c,rw
431d,rw
431e,rw
431f,rw
4320,rw
4321,rw
4322,rw
4323,rw
4324,rw
4325,rw
4326,rw
4327,rw
4328,rw
4329,rw
432a,rw
432b,rw
432c,rw
432d,rw
432e,rw
432f,rw
4330,rw
4331,rw
4332,rw
4333,rw
4334,rw
4335,rw
4336,rw
4337,rw
4338,rw
4339,rw
433a,rw
433b,rw
433c,rw
433d,rw
433e,rw
433f,rw
4340,rw
4341,rw
4342,rw
4343,rw
4344,rw
4345,rw
4346,rw
4347,rw
4348,rw
4349,rw
434a,rw
434b,rw
434c,rw
434d,rw
434e,rw
434f,rw
4350,rw
4351,rw
4352,rw
4353,rw
4354,rw
4355,rw
4356,rw
4357,rw
4358,rw
4359,rw
435a,rw
435b,rw
435c,rw
435d,rw
435e,rw
435f,rw
4360,rw
4361,rw
4362,rw
4363,rw
4364,rw
4365,rw
4366,rw
4367,rw
4368,rw
4369,rw
436a,rw
436b,rw
436c,rw
436d,rw
436e,rw
436f,rw
4370,rw
4371,rw
4372,rw
4373,rw
4374,rw
4375,rw
4376,rw
4377,rw
4378,rw
4379,rw
437a,rw
437b,rw
437c,rw
437d,rw
437e,rw
437f,rw
4380,rw
4381,rw
4382,rw
4383,rw
4384,rw
4385,rw
4386,rw
4387,rw
4388,rw
4389,rw
438a,rw
438b,rw
438c,rw
438d,rw
438e,rw
438f,rw
4390,rw
4391,rw
4392,rw
4393,rw
4394,rw
4395,rw
4396,rw
4397,rw
4398,rw
4399,rw
439a,rw
439b,rw
439c,rw
439d,rw
439e,rw
439f,rw
43a0,rw
43a1,rw
43a2,rw
43a3,rw
43a4,rw
43a5,rw
43a6,rw
43a7,rw
43a8,rw
43a9,rw
43aa,rw
43ab,rw
43ac,rw
43ad,rw
43ae,rw
43af,rw
43b0,rw
43b1,rw
43b2,rw
43b3,rw
43b4,rw
43b5,rw
43b6,rw
43b7,rw
43b8,rw
43b9,rw
43ba,rw
43bb,rw
43bc,rw
43bd,rw
43be,rw
43bf,rw
43c0,rw
43c1,rw
43c2,rw
43c3,rw
43c4,rw
43c5,rw
43c6,rw
43c7,rw
43c8,rw
43c9,rw
43ca,rw
43cb,rw
43cc,rw
43cd,rw
43ce,rw
43cf,rw
43d0,rw
43d1,rw
43d2,rw
43d3,rw
43d4,rw
43d5,rw
43d6,rw
43d7,rw
43d8,rw
43d9,rw
43da,rw
43db,rw
43dc,rw
43dd,rw
43de,rw
43df,rw
43e0,rw
43e1,rw
43e2,rw
43e3,rw
43e4,rw
43e5,rw
43e6,rw
43e7,rw
43e8,rw
43e9,rw
43ea,rw
43eb,rw
43ec,rw
43ed,rw
43ee,rw
43ef,rw
43f0,rw
43f1,rw
43f2,rw
43f3,rw
43f4,rw
43f5,rw
43f6,rw
43f7,rw
43f8,rw
43f9,rw
43fa,rw
43fb,rw
43fc,rw
43fd,rw
43fe,rw
43ff,rw
4400,rw
4401,rw
4402,rw
4403,rw
4404,rw
4405,rw
4406,rw
4407,rw
4408,rw
4409,rw
440a,rw
440b,rw
440c,rw
440d,rw
440e,rw
440f,rw
4410,rw
4411,rw
4412,rw
4413,rw
4414,rw
4415,rw
4416,rw
4417,rw
4418,rw
4419,rw
441a,rw
441b,rw
441c,rw
441d,rw
441e,rw
441f,rw
4420,rw
4421,rw
4422,rw
4423,rw
4424,rw
4425,rw
4426,rw
4427,rw
4428,rw
4429,rw
442a,rw
442b,rw
442c,rw
442d,rw
442e,rw
442f,rw
4430,rw
4431,rw
4432,rw
4433,rw
4434,rw
4435,rw
4436,rw
4437,rw
4438,rw
4439,rw
443a,rw
443b,rw
443c,rw
443d,rw
443e,rw
443f,rw
4440,rw
4441,rw
4442,rw
4443,rw
4444,rw
4445,rw
4446,rw
4447,rw
4448,rw
4449,rw
444a,rw
444b,rw
444c,rw
444d,rw
444e,rw
444f,rw
4450,rw
4451,rw
4452,rw
4453,rw
4454,rw
4455,rw
4456,rw
4457,rw
4458,rw
4459,rw
445a,rw
445b,rw
445c,rw
445d,rw
445e,rw
445f,rw
4460,rw
4461,rw
4462,rw
4463,rw
4464,rw
4465,rw
4466,rw
4467,rw
4468,rw
4469,rw
446a,rw
446b,rw
446c,rw
446d,rw
446e,rw
446f,rw
4470,rw
4471,rw
4472,rw
4473,rw
4474,rw
4475,rw
4476,rw
4477,rw
4478,rw
4479,rw
447a,rw
447b,rw
447c,rw
447d,rw
447e,rw
447f,rw
4480,rw
4481,rw
4482,rw
4483,rw
4484,rw
4485,rw
4486,rw
4487,rw
4488,rw
4489,rw
448a,rw
448b,rw
448c,rw
448d,rw
448e,rw
448f,rw
4490,rw
4491,rw
4492,rw
4493,rw
4494,rw
4495,rw
4496,rw
4497,rw
4498,rw
4499,rw
449a,rw
449b,rw
449c,rw
449d,rw
449e,rw
449f,rw
44a0,rw
44a1,rw
44a2,rw
44a3,rw
44a4,rw
44a5,rw
44a6,rw
44a7,rw
44a8,rw
44a9,rw
44aa,rw
44ab,rw
44ac,rw
44ad,rw
44ae,rw
44af,rw
44b0,rw
44b1,rw
44b2,rw
44b3,rw
44b4,rw
44b5,rw
44b6,rw
44b7,rw
44b8,rw
44b9,rw
44ba,rw
44bb,rw
44bc,rw
44bd,rw
44be,rw
44bf,rw
44c0,rw
44c1,rw
44c2,rw
44c3,rw
44c4,rw
44c5,rw
44c6,rw
44c7,rw
44c8,rw
44c9,rw
44ca,rw
44cb,rw
44cc,rw
44cd,rw
44ce,rw
44cf,rw
44d0,rw
44d1,rw
44d2,rw
44d3,rw
44d4,rw
44d5,rw
44d6,rw
44d7,rw
44d8,rw
44d9,rw
44da,rw
44db,rw
44dc,rw
44dd,rw
44de,rw
44df,rw
44e0,rw
44e1,rw
44e2,rw
44e3,rw
44e4,rw
44e5,rw
44e6,rw
44e7,rw
44e8,rw
44e9,rw
44ea,rw
44eb,rw
44ec,rw
44ed,rw
44ee,rw
44ef,rw
44f0,rw
44f1,rw
44f2,rw
44f3,rw
44f4,rw
44f5,rw
44f6,rw
44f7,rw
44f8,rw
44f9,rw
44fa,rw
44fb,rw
44fc,rw
44fd,rw
44fe,rw
44ff,rw
4500,rw
4501,rw
4502,rw
4503,rw
4504,rw
4505,rw
4506,rw
4507,rw
4508,rw
4509,rw
450a,rw
450b,rw
450c,rw
450d,rw
450e,rw
450f,rw
4510,rw
4511,rw
4512,rw
4513,rw
4514,rw
4515,rw
4516,rw
4517,rw
4518,rw
4519,rw
451a,rw
451b,rw
451c,rw
451d,rw
451e,rw
451f,rw
4520,rw
4521,rw
4522,rw
4523,rw
4524,rw
4525,rw
4526,rw
4527,rw
4528,rw
4529,rw
452a,rw
452b,rw
452c,rw
452d,rw
452e,rw
452f,rw
4530,rw
4531,rw
4532,rw
4533,rw
4534,rw
4535,rw
4536,rw
4537,rw
4538,rw
4539,rw
453a,rw
453b,rw
453c,rw
453d,rw
453e,rw
453f,rw
4540,rw
4541,rw
4542,rw
4543,rw
4544,rw
4545,rw
4546,rw
4547,rw
4548,rw
4549,rw
454a,rw
454b,rw
454c,rw
454d,rw
454e,rw
454f,rw
4550,rw
4551,rw
4552,rw
4553,rw
4554,rw
4555,rw
4556,rw
4557,rw
4558,rw
4559,rw
455a,rw
455b,rw
455c,rw
455d,rw
455e,rw
455f,rw
4560,rw
4561,rw
4562,rw
4563,rw
4564,rw
4565,rw
4566,rw
4567,rw
4568,rw
4569,rw
456a,rw
456b,rw
456c,rw
456d,rw
456e,rw
456f,rw
4570,rw
4571,rw
4572,rw
4573,rw
4574,rw
4575,rw
4576,rw
4577,rw
4578,rw
4579,rw
457a,rw
457b,rw
457c,rw
457d,rw
457e,rw
457f,rw
4580,rw
4581,rw
4582,rw
4583,rw
4584,rw
4585,rw
4586,rw
4587,rw
4588,rw
4589,rw
458a,rw
458b,rw
458c,rw
458d,rw
458e,rw
458f,rw
4590,rw
4591,rw
4592,rw
4593,rw
4594,rw
4595,rw
4596,rw
4597,rw
4598,rw
4599,rw
459a,rw
459b,rw
459c,rw
459d,rw
459e,rw
459f,rw
45a0,rw
45a1,rw
45a2,rw
45a3,rw
45a4,rw
45a5,rw
45a6,rw
45a7,rw
45a8,rw
45a9,rw
45aa,rw
45ab,rw
45ac,rw
45ad,rw
45ae,rw
45af,rw
45b0,rw
45b1,rw
45b2,rw
45b3,rw
45b4,rw
45b5,rw
45b6,rw
45b7,rw
45b8,rw
45b9,rw
45ba,rw
45bb,rw
45bc,rw
45bd,rw
45be,rw
45bf,rw
45c0,rw
45c1,rw
45c2,rw
45c3,rw
45c4,rw
45c5,rw
45c6,rw
45c7,rw
45c8,rw
45c9,rw
45ca,rw
45cb,rw
45cc,rw
45cd,rw
45ce,rw
45cf,rw
45d0,rw
45d1,rw
45d2,rw
45d3,rw
45d4,rw
45d5,rw
45d6,rw
45d7,rw
45d8,rw
45d9,rw
45da,rw
45db,rw
45dc,rw
45dd,rw
45de,rw
45df,rw
45e0,rw
45e1,rw
45e2,rw
45e3,rw
45e4,rw
45e5,rw
45e6,rw
45e7,rw
45e8,rw
45e9,rw
45ea,rw
45eb,rw
45ec,rw
45ed,rw
45ee,rw
45ef,rw
45f0,rw
45f1,rw
45f2,rw
45f3,rw
45f4,rw
45f5,rw
45f6,rw
45f7,rw
45f8,rw
45f9,rw
45fa,rw
45fb,rw
45fc,rw
45fd,rw
45fe,rw
45ff,rw
4600,rw
4601,rw
4602,rw
4603,rw
4604,rw
4605,rw
4606,rw
4607,rw
4608,rw
4609,rw
460a,rw
460b,rw
460c,rw
460d,rw
460e,rw
460f,rw
4610,rw
4611,rw
4612,rw
4613,rw
4614,rw
4615,rw
4616,rw
4617,rw
4618,rw
4619,rw
461a,rw
461b,rw
461c,rw
461d,rw
461e,rw
461f,rw
4620,rw
4621,rw
4622,rw
4623,rw
4624,rw
4625,rw
4626,rw
4627,rw
4628,rw
4629,rw
462a,rw
462b,rw
462c,rw
462d,rw
462e,rw
462f,rw
4630,rw
4631,rw
4632,rw
4633,rw
4634,rw
4635,rw
4636,rw
4637,rw
4638,rw
4639,rw
463a,rw
463b,rw
463c,rw
463d,rw
463e,rw
463f,rw
4640,rw
4641,rw
4642,rw
4643,rw
4644,rw
4645,rw
4646,rw
4647,rw
4648,rw
4649,rw
464a,rw
464b,rw
464c,rw
464d,rw
464e,rw
464f,rw
4650,rw
4651,rw
4652,rw
4653,rw
4654,rw
4655,rw
4656,rw
4657,rw
4658,rw
4659,rw
465a,rw
465b,rw
465c,rw
465d,rw
465e,rw
465f,rw
4660,rw
4661,rw
4662,rw
4663,rw
4664,rw
4665,rw
4666,rw
4667,rw
4668,rw
4669,rw
466a,rw
466b,rw
466c,rw
466d,rw
466e,rw
466f,rw
4670,rw
4671,rw
4672,rw
4673,rw
4674,rw
4675,rw
4676,rw
4677,rw
4678,rw
4679,rw
467a,rw
467b,rw
467c,rw
467d,rw
467e,rw
467f,rw
4680,rw
4681,rw
4682,rw
4683,rw
4684,rw
4685,rw
4686,rw
4687,rw
4688,rw
4689,rw
468a,rw
468b,rw
468c,rw
468d,rw
468e,rw
468f,rw
4690,rw
4691,rw
4692,rw
4693,rw
4694,rw
4695,rw
4696,rw
4697,rw
4698,rw
4699,rw
469a,rw
469b,rw
469c,rw
469d,rw
469e,rw
469f,rw
46a0,rw
46a1,rw
46a2,rw
46a3,rw
46a4,rw
46a5,rw
46a6,rw
46a7,rw
46a8,rw
46a9,rw
46aa,rw
46ab,rw
46ac,rw
46ad,rw
46ae,rw
46af,rw
46b0,rw
46b1,rw
46b2,rw
46b3,rw
46b4,rw
46b5,rw
46b6,rw
46b7,rw
46b8,rw
46b9,rw
46ba,rw
46bb,rw
46bc,rw
46bd,rw
46be,rw
46bf,rw
46c0,rw
46c1,rw
46c2,rw
46c3,rw
46c4,rw
46c5,rw
46c6,rw
46c7,rw
46c8,rw
46c9,rw
46ca,rw
46cb,rw
46cc,rw
46cd,rw
46ce,rw
46cf,rw
46d0,rw
46d1,rw
46d2,rw
46d3,rw
46d4,rw
46d5,rw
46d6,rw
46d7,rw
46d8,rw
46d9,rw
46da,rw
46db,rw
46dc,rw
46dd,rw
46de,rw
46df,rw
46e0,rw
46e1,rw
46e2,rw
46e3,rw
46e4,rw
46e5,rw
46e6,rw
46e7,rw
46e8,rw
46e9,rw
46ea,rw
46eb,rw
46ec,rw
46ed,rw
46ee,rw
46ef,rw
46f0,rw
46f1,rw
46f2,rw
46f3,rw
46f4,rw
46f5,rw
46f6,rw
46f7,rw
46f8,rw
46f9,rw
46fa,rw
46fb,rw
46fc,rw
46fd,rw
46fe,rw
46ff,rw
4700,rw
4701,rw
4702,rw
4703,rw
4704,rw
4705,rw
4706,rw
4707,rw
4708,rw
4709,rw
470a,rw
470b,rw
470c,rw
470d,rw
470e,rw
470f,rw
4710,rw
4711,rw
4712,rw
4713,rw
4714,rw
4715,rw
4716,rw
4717,rw
4718,rw
4719,rw
471a,rw
471b,rw
471c,rw
471d,rw
471e,rw
471f,rw
4720,rw
4721,rw
4722,rw
4723,rw
4724,rw
4725,rw
4726,rw
4727,rw
4728,rw
4729,rw
472a,rw
472b,rw
472c,rw
472d,rw
472e,rw
472f,rw
4730,rw
4731,rw
4732,rw
4733,rw
4734,rw
4735,rw
4736,rw
4737,rw
4738,rw
4739,rw
473a,rw
473b,rw
473c,rw
473d,rw
473e,rw
473f,rw
4740,rw
4741,rw
4742,rw
4743,rw
4744,rw
4745,rw
4746,rw
4747,rw
4748,rw
4749,rw
474a,rw
474b,rw
474c,rw
474d,rw
474e,rw
474f,rw
4750,rw
4751,rw
4752,rw
4753,rw
4754,rw
4755,rw
4756,rw
4757,rw
4758,rw
4759,rw
475a,rw
475b,rw
475c,rw
475d,rw
475e,rw
475f,rw
4760,rw
4761,rw
4762,rw
4763,rw
4764,rw
4765,rw
4766,rw
4767,rw
4768,rw
4769,rw
476a,rw
476b,rw
476c,rw
476d,rw
476e,rw
476f,rw
4770,rw
4771,rw
4772,rw
4773,rw
4774,rw
4775,rw
4776,rw
4777,rw
4778,rw
4779,rw
477a,rw
477b,rw
477c,rw
477d,rw
477e,rw
477f,rw
4780,rw
4781,rw
4782,rw
4783,rw
4784,rw
4785,rw
4786,rw
4787,rw
4788,rw
4789,rw
478a,rw
478b,rw
478c,rw
478d,rw
478e,rw
478f,rw
4790,rw
4791,rw
4792,rw
4793,rw
4794,rw
4795,rw
4796,rw
4797,rw
4798,rw
4799,rw
479a,rw
479b,rw
479c,rw
479d,rw
479e,rw
479f,rw
47a0,rw
47a1,rw
47a2,rw
47a3,rw
47a4,rw
47a5,rw
47a6,rw
47a7,rw
47a8,rw
47a9,rw
47aa,rw
47ab,rw
47ac,rw
47ad,rw
47ae,rw
47af,rw
47b0,rw
47b1,rw
47b2,rw
47b3,rw
47b4,rw
47b5,rw
47b6,rw
47b7,rw
47b8,rw
47b9,rw
47ba,rw
47bb,rw
47bc,rw
47bd,rw
47be,rw
47bf,rw
47c0,rw
47c1,rw
47c2,rw
47c3,rw
47c4,rw
47c5,rw
47c6,rw
47c7,rw
47c8,rw
47c9,rw
47ca,rw
47cb,rw
47cc,rw
47cd,rw
47ce,rw
47cf,rw
47d0,rw
47d1,rw
47d2,rw
47d3,rw
47d4,rw
47d5,rw
47d6,rw
47d7,rw
47d8,rw
47d9,rw
47da,rw
47db,rw
47dc,rw
47dd,rw
47de,rw
47df,rw
47e0,rw
47e1,rw
47e2,rw
47e3,rw
47e4,rw
47e5,rw
47e6,rw
47e7,rw
47e8,rw
47e9,rw
47ea,rw
47eb,rw
47ec,rw
47ed,rw
47ee,rw
47ef,rw
47f0,rw
47f1,rw
47f2,rw
47f3,rw
47f4,rw
47f5,rw
47f6,rw
47f7,rw
47f8,rw
47f9,rw
47fa,rw
47fb,rw
47fc,rw
47fd,rw
47fe,rw
47ff,rw
4800,rw
4801,rw
4802,rw
4803,rw
4804,rw
4805,rw
4806,rw
4807,rw
4808,rw
4809,rw
480a,rw
480b,rw
480c,rw
480d,rw
480e,rw
480f,rw
4810,rw
4811,rw
4812,rw
4813,rw
4814,rw
4815,rw
4816,rw
4817,rw
4818,rw
4819,rw
481a,rw
481b,rw
481c,rw
481d,rw
481e,rw
481f,rw
4820,rw
4821,rw
4822,rw
4823,rw
4824,rw
4825,rw
4826,rw
4827,rw
4828,rw
4829,rw
482a,rw
482b,rw
482c,rw
482d,rw
482e,rw
482f,rw
4830,rw
4831,rw
4832,rw
4833,rw
4834,rw
4835,rw
4836,rw
4837,rw
4838,rw
4839,rw
483a,rw
483b,rw
483c,rw
483d,rw
483e,rw
483f,rw
4840,rw
4841,rw
4842,rw
4843,rw
4844,rw
4845,rw
4846,rw
4847,rw
4848,rw
4849,rw
484a,rw
484b,rw
484c,rw
484d,rw
484e,rw
484f,rw
4850,rw
4851,rw
4852,rw
4853,rw
4854,rw
4855,rw
4856,rw
4857,rw
4858,rw
4859,rw
485a,rw
485b,rw
485c,rw
485d,rw
485e,rw
485f,rw
4860,rw
4861,rw
4862,rw
4863,rw
4864,rw
4865,rw
4866,rw
4867,rw
4868,rw
4869,rw
486a,rw
486b,rw
486c,rw
486d,rw
486e,rw
486f,rw
4870,rw
4871,rw
4872,rw
4873,rw
4874,rw
4875,rw
4876,rw
4877,rw
4878,rw
4879,rw
487a,rw
487b,rw
487c,rw
487d,rw
487e,rw
487f,rw
4880,rw
4881,rw
4882,rw
4883,rw
4884,rw
4885,rw
4886,rw
4887,rw
4888,rw
4889,rw
488a,rw
488b,rw
488c,rw
488d,rw
488e,rw
488f,rw
4890,rw
4891,rw
4892,rw
4893,rw
4894,rw
4895,rw
4896,rw
4897,rw
4898,rw
4899,rw
489a,rw
489b,rw
489c,rw
489d,rw
489e,rw
489f,rw
48a0,rw
48a1,rw
48a2,rw
48a3,rw
48a4,rw
48a5,rw
48a6,rw
48a7,rw
48a8,rw
48a9,rw
48aa,rw
48ab,rw
48ac,rw
48ad,rw
48ae,rw
48af,rw
48b0,rw
48b1,rw
48b2,rw
48b3,rw
48b4,rw
48b5,rw
48b6,rw
48b7,rw
48b8,rw
48b9,rw
48ba,rw
48bb,rw
48bc,rw
48bd,rw
48be,rw
48bf,rw
48c0,rw
48c1,rw
48c2,rw
48c3,rw
48c4,rw
48c5,rw
48c6,rw
48c7,rw
48c8,rw
48c9,rw
48ca,rw
48cb,rw
48cc,rw
48cd,rw
48ce,rw
48cf,rw
48d0,rw
48d1,rw
48d2,rw
48d3,rw
48d4,rw
48d5,rw
48d6,rw
48d7,rw
48d8,rw
48d9,rw
48da,rw
48db,rw
48dc,rw
48dd,rw
48de,rw
48df,rw
48e0,rw
48e1,rw
48e2,rw
48e3,rw
48e4,rw
48e5,rw
48e6,rw
48e7,rw
48e8,rw
48e9,rw
48ea,rw
48eb,rw
48ec,rw
48ed,rw
48ee,rw
48ef,rw
48f0,rw
48f1,rw
48f2,rw
48f3,rw
48f4,rw
48f5,rw
48f6,rw
48f7,rw
48f8,rw
48f9,rw
48fa,rw
48fb,rw
48fc,rw
48fd,rw
48fe,rw
48ff,rw
4900,rw
4901,rw
4902,rw
4903,rw
4904,rw
4905,rw
4906,rw
4907,rw
4908,rw
4909,rw
490a,rw
490b,rw
490c,rw
490d,rw
490e,rw
490f,rw
4910,rw
4911,rw
4912,rw
4913,rw
4914,rw
4915,rw
4916,rw
4917,rw
4918,rw
4919,rw
491a,rw
491b,rw
491c,rw
491d,rw
491e,rw
491f,rw
4920,rw
4921,rw
4922,rw
4923,rw
4924,rw
4925,rw
4926,rw
4927,rw
4928,rw
4929,rw
492a,rw
492b,rw
492c,rw
492d,rw
492e,rw
492f,rw
4930,rw
4931,rw
4932,rw
4933,rw
4934,rw
4935,rw
4936,rw
4937,rw
4938,rw
4939,rw
493a,rw
493b,rw
493c,rw
493d,rw
493e,rw
493f,rw
4940,rw
4941,rw
4942,rw
4943,rw
4944,rw
4945,rw
4946,rw
4947,rw
4948,rw
4949,rw
494a,rw
494b,rw
494c,rw
494d,rw
494e,rw
494f,rw
4950,rw
4951,rw
4952,rw
4953,rw
4954,rw
4955,rw
4956,rw
4957,rw
4958,rw
4959,rw
495a,rw
495b,rw
495c,rw
495d,rw
495e,rw
495f,rw
4960,rw
4961,rw
4962,rw
4963,rw
4964,rw
4965,rw
4966,rw
4967,rw
4968,rw
4969,rw
496a,rw
496b,rw
496c,rw
496d,rw
496e,rw
496f,rw
4970,rw
4971,rw
4972,rw
4973,rw
4974,rw
4975,rw
4976,rw
4977,rw
4978,rw
4979,rw
497a,rw
497b,rw
497c,rw
497d,rw
497e,rw
497f,rw
4980,rw
4981,rw
4982,rw
4983,rw
4984,rw
4985,rw
4986,rw
4987,rw
4988,rw
4989,rw
498a,rw
498b,rw
498c,rw
498d,rw
498e,rw
498f,rw
4990,rw
4991,rw
4992,rw
4993,rw
4994,rw
4995,rw
4996,rw
4997,rw
4998,rw
4999,rw
499a,rw
499b,rw
499c,rw
499d,rw
499e,rw
499f,rw
49a0,rw
49a1,rw
49a2,rw
49a3,rw
49a4,rw
49a5,rw
49a6,rw
49a7,rw
49a8,rw
49a9,rw
49aa,rw
49ab,rw
49ac,rw
49ad,rw
49ae,rw
49af,rw
49b0,rw
49b1,rw
49b2,rw
49b3,rw
49b4,rw
49b5,rw
49b6,rw
49b7,rw
49b8,rw
49b9,rw
49ba,rw
49bb,rw
49bc,rw
49bd,rw
49be,rw
49bf,rw
49c0,rw
49c1,rw
49c2,rw
49c3,rw
49c4,rw
49c5,rw
49c6,rw
49c7,rw
49c8,rw
49c9,rw
49ca,rw
49cb,rw
49cc,rw
49cd,rw
49ce,rw
49cf,rw
49d0,rw
49d1,rw
49d2,rw
49d3,rw
49d4,rw
49d5,rw
49d6,rw
49d7,rw
49d8,rw
49d9,rw
49da,rw
49db,rw
49dc,rw
49dd,rw
49de,rw
49df,rw
49e0,rw
49e1,rw
49e2,rw
49e3,rw
49e4,rw
49e5,rw
49e6,rw
49e7,rw
49e8,rw
49e9,rw
49ea,rw
49eb,rw
49ec,rw
49ed,rw
49ee,rw
49ef,rw
49f0,rw
49f1,rw
49f2,rw
49f3,rw
49f4,rw
49f5,rw
49f6,rw
49f7,rw
49f8,rw
49f9,rw
49fa,rw
49fb,rw
49fc,rw
49fd,rw
49fe,rw
49ff,rw
4a00,rw
4a01,rw
4a02,rw
4a03,rw
4a04,rw
4a05,rw
4a06,rw
4a07,rw
4a08,rw
4a09,rw
4a0a,rw
4a0b,rw
4a0c,rw
4a0d,rw
4a0e,rw
4a0f,rw
4a10,rw
4a11,rw
4a12,rw
4a13,rw
4a14,rw
4a15,rw
4a16,rw
4a17,rw
4a18,rw
4a19,rw
4a1a,rw
4a1b,rw
4a1c,rw
4a1d,rw
4a1e,rw
4a1f,rw
4a20,rw
4a21,rw
4a22,rw
4a23,rw
4a24,rw
4a25,rw
4a26,rw
4a27,rw
4a28,rw
4a29,rw
4a2a,rw
4a2b,rw
4a2c,rw
4a2d,rw
4a2e,rw
4a2f,rw
4a30,rw
4a31,rw
4a32,rw
4a33,rw
4a34,rw
4a35,rw
4a36,rw
4a37,rw
4a38,rw
4a39,rw
4a3a,rw
4a3b,rw
4a3c,rw
4a3d,rw
4a3e,rw
4a3f,rw
4a40,rw
4a41,rw
4a42,rw
4a43,rw
4a44,rw
4a45,rw
4a46,rw
4a47,rw
4a48,rw
4a49,rw
4a4a,rw
4a4b,rw
4a4c,rw
4a4d,rw
4a4e,rw
4a4f,rw
4a50,rw
4a51,rw
4a52,rw
4a53,rw
4a54,rw
4a55,rw
4a56,rw
4a57,rw
4a58,rw
4a59,rw
4a5a,rw
4a5b,rw
4a5c,rw
4a5d,rw
4a5e,rw
4a5f,rw
4a60,rw
4a61,rw
4a62,rw
4a63,rw
4a64,rw
4a65,rw
4a66,rw
4a67,rw
4a68,rw
4a69,rw
4a6a,rw
4a6b,rw
4a6c,rw
4a6d,rw
4a6e,rw
4a6f,rw
4a70,rw
4a71,rw
4a72,rw
4a73,rw
4a74,rw
4a75,rw
4a76,rw
4a77,rw
4a78,rw
4a79,rw
4a7a,rw
4a7b,rw
4a7c,rw
4a7d,rw
4a7e,rw
4a7f,rw
4a80,rw
4a81,rw
4a82,rw
4a83,rw
4a84,rw
4a85,rw
4a86,rw
4a87,rw
4a88,rw
4a89,rw
4a8a,rw
4a8b,rw
4a8c,rw
4a8d,rw
4a8e,rw
4a8f,rw
4a90,rw
4a91,rw
4a92,rw
4a93,rw
4a94,rw
4a95,rw
4a96,rw
4a97,rw
4a98,rw
4a99,rw
4a9a,rw
4a9b,rw
4a9c,rw
4a9d,rw
4a9e,rw
4a9f,rw
4aa0,rw
4aa1,rw
4aa2,rw
4aa3,rw
4aa4,rw
4aa5,rw
4aa6,rw
4aa7,rw
4aa8,rw
4aa9,rw
4aaa,rw
4aab,rw
4aac,rw
4aad,rw
4aae,rw
4aaf,rw
4ab0,rw
4ab1,rw
4ab2,rw
4ab3,rw
4ab4,rw
4ab5,rw
4ab6,rw
4ab7,rw
4ab8,rw
4ab9,rw
4aba,rw
4abb,rw
4abc,rw
4abd,rw
4abe,rw
4abf,rw
4ac0,rw
4ac1,rw
4ac2,rw
4ac3,rw
4ac4,rw
4ac5,rw
4ac6,rw
4ac7,rw
4ac8,rw
4ac9,rw
4aca,rw
4acb,rw
4acc,rw
4acd,rw
4ace,rw
4acf,rw
4ad0,rw
4ad1,rw
4ad2,rw
4ad3,rw
4ad4,rw
4ad5,rw
4ad6,rw
4ad7,rw
4ad8,rw
4ad9,rw
4ada,rw
4adb,rw
4adc,rw
4add,rw
4ade,rw
4adf,rw
4ae0,rw
4ae1,rw
4ae2,rw
4ae3,rw
4ae4,rw
4ae5,rw
4ae6,rw
4ae7,rw
4ae8,rw
4ae9,rw
4aea,rw
4aeb,rw
4aec,rw
4aed,rw
4aee,rw
4aef,rw
4af0,rw
4af1,rw
4af2,rw
4af3,rw
4af4,rw
4af5,rw
4af6,rw
4af7,rw
4af8,rw
4af9,rw
4afa,rw
4afb,rw
4afc,rw
4afd,rw
4afe,rw
4aff,rw
4b00,rw
4b01,rw
4b02,rw
4b03,rw
4b04,rw
4b05,rw
4b06,rw
4b07,rw
4b08,rw
4b09,rw
4b0a,rw
4b0b,rw
4b0c,rw
4b0d,rw
4b0e,rw
4b0f,rw
4b10,rw
4b11,rw
4b12,rw
4b13,rw
4b14,rw
4b15,rw
4b16,rw
4b17,rw
4b18,rw
4b19,rw
4b1a,rw
4b1b,rw
4b1c,rw
4b1d,rw
4b1e,rw
4b1f,rw
4b20,rw
4b21,rw
4b22,rw
4b23,rw
4b24,rw
4b25,rw
4b26,rw
4b27,rw
4b28,rw
4b29,rw
4b2a,rw
4b2b,rw
4b2c,rw
4b2d,rw
4b2e,rw
4b2f,rw
4b30,rw
4b31,rw
4b32,rw
4b33,rw
4b34,rw
4b35,rw
4b36,rw
4b37,rw
4b38,rw
4b39,rw
4b3a,rw
4b3b,rw
4b3c,rw
4b3d,rw
4b3e,rw
4b3f,rw
4b40,rw
4b41,rw
4b42,rw
4b43,rw
4b44,rw
4b45,rw
4b46,rw
4b47,rw
4b48,rw
4b49,rw
4b4a,rw
4b4b,rw
4b4c,rw
4b4d,rw
4b4e,rw
4b4f,rw
4b50,rw
4b51,rw
4b52,rw
4b53,rw
4b54,rw
4b55,rw
4b56,rw
4b57,rw
4b58,rw
4b59,rw
4b5a,rw
4b5b,rw
4b5c,rw
4b5d,rw
4b5e,rw
4b5f,rw
4b60,rw
4b61,rw
4b62,rw
4b63,rw
4b64,rw
4b65,rw
4b66,rw
4b67,rw
4b68,rw
4b69,rw
4b6a,rw
4b6b,rw
4b6c,rw
4b6d,rw
4b6e,rw
4b6f,rw
4b70,rw
4b71,rw
4b72,rw
4b73,rw
4b74,rw
4b75,rw
4b76,rw
4b77,rw
4b78,rw
4b79,rw
4b7a,rw
4b7b,rw
4b7c,rw
4b7d,rw
4b7e,rw
4b7f,rw
4b80,rw
4b81,rw
4b82,rw
4b83,rw
4b84,rw
4b85,rw
4b86,rw
4b87,rw
4b88,rw
4b89,rw
4b8a,rw
4b8b,rw
4b8c,rw
4b8d,rw
4b8e,rw
4b8f,rw
4b90,rw
4b91,rw
4b92,rw
4b93,rw
4b94,rw
4b95,rw
4b96,rw
4b97,rw
4b98,rw
4b99,rw
4b9a,rw
4b9b,rw
4b9c,rw
4b9d,rw
4b9e,rw
4b9f,rw
4ba0,rw
4ba1,rw
4ba2,rw
4ba3,rw
4ba4,rw
4ba5,rw
4ba6,rw
4ba7,rw
4ba8,rw
4ba9,rw
4baa,rw
4bab,rw
4bac,rw
4bad,rw
4bae,rw
4baf,rw
4bb0,rw
4bb1,rw
4bb2,rw
4bb3,rw
4bb4,rw
4bb5,rw
4bb6,rw
4bb7,rw
4bb8,rw
4bb9,rw
4bba,rw
4bbb,rw
4bbc,rw
4bbd,rw
4bbe,rw
4bbf,rw
4bc0,rw
4bc1,rw
4bc2,rw
4bc3,rw
4bc4,rw
4bc5,rw
4bc6,rw
4bc7,rw
4bc8,rw
4bc9,rw
4bca,rw
4bcb,rw
4bcc,rw
4bcd,rw
4bce,rw
4bcf,rw
4bd0,rw
4bd1,rw
4bd2,rw
4bd3,rw
4bd4,rw
4bd5,rw
4bd6,rw
4bd7,rw
4bd8,rw
4bd9,rw
4bda,rw
4bdb,rw
4bdc,rw
4bdd,rw
4bde,rw
4bdf,rw
4be0,rw
4be1,rw
4be2,rw
4be3,rw
4be4,rw
4be5,rw
4be6,rw
4be7,rw
4be8,rw
4be9,rw
4bea,rw
4beb,rw
4bec,rw
4bed,rw
4bee,rw
4bef,rw
4bf0,rw
4bf1,rw
4bf2,rw
4bf3,rw
4bf4,rw
4bf5,rw
4bf6,rw
4bf7,rw
4bf8,rw
4bf9,rw
4bfa,rw
4bfb,rw
4bfc,rw
4bfd,rw
4bfe,rw
4bff,rw
4c00,rw
4c01,rw
4c02,rw
4c03,rw
4c04,rw
4c05,rw
4c06,rw
4c07,rw
4c08,rw
4c09,rw
4c0a,rw
4c0b,rw
4c0c,rw
4c0d,rw
4c0e,rw
4c0f,rw
4c10,rw
4c11,rw
4c12,rw
4c13,rw
4c14,rw
4c15,rw
4c16,rw
4c17,rw
4c18,rw
4c19,rw
4c1a,rw
4c1b,rw
4c1c,rw
4c1d,rw
4c1e,rw
4c1f,rw
4c20,rw
4c21,rw
4c22,rw
4c23,rw
4c24,rw
4c25,rw
4c26,rw
4c27,rw
4c28,rw
4c29,rw
4c2a,rw
4c2b,rw
4c2c,rw
4c2d,rw
4c2e,rw
4c2f,rw
4c30,rw
4c31,rw
4c32,rw
4c33,rw
4c34,rw
4c35,rw
4c36,rw
4c37,rw
4c38,rw
4c39,rw
4c3a,rw
4c3b,rw
4c3c,rw
4c3d,rw
4c3e,rw
4c3f,rw
4c40,rw
4c41,rw
4c42,rw
4c43,rw
4c44,rw
4c45,rw
4c46,rw
4c47,rw
4c48,rw
4c49,rw
4c4a,rw
4c4b,rw
4c4c,rw
4c4d,rw
4c4e,rw
4c4f,rw
4c50,rw
4c51,rw
4c52,rw
4c53,rw
4c54,rw
4c55,rw
4c56,rw
4c57,rw
4c58,rw
4c59,rw
4c5a,rw
4c5b,rw
4c5c,rw
4c5d,rw
4c5e,rw
4c5f,rw
4c60,rw
4c61,rw
4c62,rw
4c63,rw
4c64,rw
4c65,rw
4c66,rw
4c67,rw
4c68,rw
4c69,rw
4c6a,rw
4c6b,rw
4c6c,rw
4c6d,rw
4c6e,rw
4c6f,rw
4c70,rw
4c71,rw
4c72,rw
4c73,rw
4c74,rw
4c75,rw
4c76,rw
4c77,rw
4c78,rw
4c79,rw
4c7a,rw
4c7b,rw
4c7c,rw
4c7d,rw
4c7e,rw
4c7f,rw
4c80,rw
4c81,rw
4c82,rw
4c83,rw
4c84,rw
4c85,rw
4c86,rw
4c87,rw
4c88,rw
4c89,rw
4c8a,rw
4c8b,rw
4c8c,rw
4c8d,rw
4c8e,rw
4c8f,rw
4c90,rw
4c91,rw
4c92,rw
4c93,rw
4c94,rw
4c95,rw
4c96,rw
4c97,rw
4c98,rw
4c99,rw
4c9a,rw
4c9b,rw
4c9c,rw
4c9d,rw
4c9e,rw
4c9f,rw
4ca0,rw
4ca1,rw
4ca2,rw
4ca3,rw
4ca4,rw
4ca5,rw
4ca6,rw
4ca7,rw
4ca8,rw
4ca9,rw
4caa,rw
4cab,rw
4cac,rw
4cad,rw
4cae,rw
4caf,rw
4cb0,rw
4cb1,rw
4cb2,rw
4cb3,rw
4cb4,rw
4cb5,rw
4cb6,rw
4cb7,rw
4cb8,rw
4cb9,rw
4cba,rw
4cbb,rw
4cbc,rw
4cbd,rw
4cbe,rw
4cbf,rw
4cc0,rw
4cc1,rw
4cc2,rw
4cc3,rw
4cc4,rw
4cc5,rw
4cc6,rw
4cc7,rw
4cc8,rw
4cc9,rw
4cca,rw
4ccb,rw
4ccc,rw
4ccd,rw
4cce,rw
4ccf,rw
4cd0,rw
4cd1,rw
4cd2,rw
4cd3,rw
4cd4,rw
4cd5,rw
4cd6,rw
4cd7,rw
4cd8,rw
4cd9,rw
4cda,rw
4cdb,rw
4cdc,rw
4cdd,rw
4cde,rw
4cdf,rw
4ce0,rw
4ce1,rw
4ce2,rw
4ce3,rw
4ce4,rw
4ce5,rw
4ce6,rw
4ce7,rw
4ce8,rw
4ce9,rw
4cea,rw
4ceb,rw
4cec,rw
4ced,rw
4cee,rw
4cef,rw
4cf0,rw
4cf1,rw
4cf2,rw
4cf3,rw
4cf4,rw
4cf5,rw
4cf6,rw
4cf7,rw
4cf8,rw
4cf9,rw
4cfa,rw
4cfb,rw
4cfc,rw
4cfd,rw
4cfe,rw
4cff,rw
4d00,rw
4d01,rw
4d02,rw
4d03,rw
4d04,rw
4d05,rw
4d06,rw
4d07,rw
4d08,rw
4d09,rw
4d0a,rw
4d0b,rw
4d0c,rw
4d0d,rw
4d0e,rw
4d0f,rw
4d10,rw
4d11,rw
4d12,rw
4d13,rw
4d14,rw
4d15,rw
4d16,rw
4d17,rw
4d18,rw
4d19,rw
4d1a,rw
4d1b,rw
4d1c,rw
4d1d,rw
4d1e,rw
4d1f,rw
4d20,rw
4d21,rw
4d22,rw
4d23,rw
4d24,rw
4d25,rw
4d26,rw
4d27,rw
4d28,rw
4d29,rw
4d2a,rw
4d2b,rw
4d2c,rw
4d2d,rw
4d2e,rw
4d2f,rw
4d30,rw
4d31,rw
4d32,rw
4d33,rw
4d34,rw
4d35,rw
4d36,rw
4d37,rw
4d38,rw
4d39,rw
4d3a,rw
4d3b,rw
4d3c,rw
4d3d,rw
4d3e,rw
4d3f,rw
4d40,rw
4d41,rw
4d42,rw
4d43,rw
4d44,rw
4d45,rw
4d46,rw
4d47,rw
4d48,rw
4d49,rw
4d4a,rw
4d4b,rw
4d4c,rw
4d4d,rw
4d4e,rw
4d4f,rw
4d50,rw
4d51,rw
4d52,rw
4d53,rw
4d54,rw
4d55,rw
4d56,rw
4d57,rw
4d58,rw
4d59,rw
4d5a,rw
4d5b,rw
4d5c,rw
4d5d,rw
4d5e,rw
4d5f,rw
4d60,rw
4d61,rw
4d62,rw
4d63,rw
4d64,rw
4d65,rw
4d66,rw
4d67,rw
4d68,rw
4d69,rw
4d6a,rw
4d6b,rw
4d6c,rw
4d6d,rw
4d6e,rw
4d6f,rw
4d70,rw
4d71,rw
4d72,rw
4d73,rw
4d74,rw
4d75,rw
4d76,rw
4d77,rw
4d78,rw
4d79,rw
4d7a,rw
4d7b,rw
4d7c,rw
4d7d,rw
4d7e,rw
4d7f,rw
4d80,rw
4d81,rw
4d82,rw
4d83,rw
4d84,rw
4d85,rw
4d86,rw
4d87,rw
4d88,rw
4d89,rw
4d8a,rw
4d8b,rw
4d8c,rw
4d8d,rw
4d8e,rw
4d8f,rw
4d90,rw
4d91,rw
4d92,rw
4d93,rw
4d94,rw
4d95,rw
4d96,rw
4d97,rw
4d98,rw
4d99,rw
4d9a,rw
4d9b,rw
4d9c,rw
4d9d,rw
4d9e,rw
4d9f,rw
4da0,rw
4da1,rw
4da2,rw
4da3,rw
4da4,rw
4da5,rw
4da6,rw
4da7,rw
4da8,rw
4da9,rw
4daa,rw
4dab,rw
4dac,rw
4dad,rw
4dae,rw
4daf,rw
4db0,rw
4db1,rw
4db2,rw
4db3,rw
4db4,rw
4db5,rw
4db6,rw
4db7,rw
4db8,rw
4db9,rw
4dba,rw
4dbb,rw
4dbc,rw
4dbd,rw
4dbe,rw
4dbf,rw
4dc0,rw
4dc1,rw
4dc2,rw
4dc3,rw
4dc4,rw
4dc5,rw
4dc6,rw
4dc7,rw
4dc8,rw
4dc9,rw
4dca,rw
4dcb,rw
4dcc,rw
4dcd,rw
4dce,rw
4dcf,rw
4dd0,rw
4dd1,rw
4dd2,rw
4dd3,rw
4dd4,rw
4dd5,rw
4dd6,rw
4dd7,rw
4dd8,rw
4dd9,rw
4dda,rw
4ddb,rw
4ddc,rw
4ddd,rw
4dde,rw
4ddf,rw
4de0,rw
4de1,rw
4de2,rw
4de3,rw
4de4,rw
4de5,rw
4de6,rw
4de7,rw
4de8,rw
4de9,rw
4dea,rw
4deb,rw
5000,rw
5001,rw
5002,rw
5003,rw
5004,rw
5005,rw
5006,rw
5007,rw
5008,rw
5009,rw
500a,rw
500b,rw
500c,rw
500d,rw
500e,rw
500f,rw
5010,rw
5011,rw
5012,rw
5013,rw
5014,rw
5015,rw
5016,rw
5017,rw
5018,rw
5019,rw
501a,rw
501b,rw
501c,rw
501d,rw
501e,rw
501f,rw
5020,rw
5021,rw
5022,rw
5023,rw
5024,rw
5025,rw
5026,rw
5027,rw
5028,rw
5029,rw
502a,rw
502b,rw
502c,rw
502d,rw
502e,rw
502f,rw
5030,rw
5031,rw
5032,rw
5033,rw
5034,rw
5035,rw
5036,rw
5037,rw
5038,rw
5039,rw
503a,rw
503b,rw
503c,rw
503d,rw
503e,rw
503f,rw
5040,rw
5041,rw
5042,rw
5043,rw
5044,rw
5045,rw
5046,rw
5047,rw
5048,rw
5049,rw
504a,rw
504b,rw
504c,rw
504d,rw
504e,rw
504f,rw
5050,rw
5051,rw
5052,rw
5053,rw
5054,rw
5055,rw
5056,rw
5057,rw
5058,rw
5059,rw
505a,rw
505b,rw
505c,rw
505d,rw
505e,rw
505f,rw
5060,rw
5061,rw
5062,rw
5063,rw
5064,rw
5065,rw
5066,rw
5067,rw
5068,rw
5069,rw
506a,rw
506b,rw
506c,rw
506d,rw
506e,rw
506f,rw
5070,rw
5071,rw
5072,rw
5073,rw
5074,rw
5075,rw
5076,rw
5077,rw
5078,rw
5079,rw
507a,rw
507b,rw
507c,rw
507d,rw
507e,rw
507f,rw
5080,rw
5081,rw
5082,rw
5083,rw
5084,rw
5085,rw
5086,rw
5087,rw
5088,rw
5089,rw
508a,rw
508b,rw
508c,rw
508d,rw
508e,rw
508f,rw
5090,rw
5091,rw
5092,rw
5093,rw
5094,rw
5095,rw
5096,rw
5097,rw
5098,rw
5099,rw
509a,rw
509b,rw
509c,rw
509d,rw
509e,rw
509f,rw
50a0,rw
50a1,rw
50a2,rw
50a3,rw
50a4,rw
50a5,rw
50a6,rw
50a7,rw
50a8,rw
50a9,rw
50aa,rw
50ab,rw
50ac,rw
50ad,rw
50ae,rw
50af,rw
50b0,rw
50b1,rw
50b2,rw
50b3,rw
50b4,rw
50b5,rw
50b6,rw
50b7,rw
50b8,rw
50b9,rw
50ba,rw
50bb,rw
50bc,rw
50bd,rw
50be,rw
50bf,rw
50c0,rw
50c1,rw
50c2,rw
50c3,rw
50c4,rw
50c5,rw
50c6,rw
50c7,rw
50c8,rw
50c9,rw
50ca,rw
50cb,rw
50cc,rw
50cd,rw
50ce,rw
50cf,rw
50d0,rw
50d1,rw
50d2,rw
50d3,rw
50d4,rw
50d5,rw
50d6,rw
50d7,rw
50d8,rw
50d9,rw
50da,rw
50db,rw
50dc,rw
50dd,rw
50de,rw
50df,rw
50e0,rw
50e1,rw
50e2,rw
50e3,rw
50e4,rw
50e5,rw
50e6,rw
50e7,rw
50e8,rw
50e9,rw
50ea,rw
50eb,rw
50ec,rw
50ed,rw
50ee,rw
50ef,rw
50f0,rw
50f1,rw
50f2,rw
50f3,rw
50f4,rw
50f5,rw
50f6,rw
50f7,rw
50f8,rw
50f9,rw
50fa,rw
50fb,rw
50fc,rw
50fd,rw
50fe,rw
50ff,rw
5100,rw
5101,rw
5102,rw
5103,rw
5104,rw
5105,rw
5106,rw
5107,rw
5108,rw
5109,rw
510a,rw
510b,rw
510c,rw
510d,rw
510e,rw
510f,rw
5110,rw
5111,rw
5112,rw
5113,rw
5114,rw
5115,rw
5116,rw
5117,rw
5118,rw
5119,rw
511a,rw
511b,rw
511c,rw
511d,rw
511e,rw
511f,rw
5120,rw
5121,rw
5122,rw
5123,rw
5124,rw
5125,rw
5126,rw
5127,rw
5128,rw
5129,rw
512a,rw
512b,rw
512c,rw
512d,rw
512e,rw
512f,rw
5130,rw
5131,rw
5132,rw
5133,rw
5134,rw
5135,rw
5136,rw
5137,rw
5138,rw
5139,rw
513a,rw
513b,rw
513c,rw
513d,rw
513e,rw
513f,rw
5140,rw
5141,rw
5142,rw
5143,rw
5144,rw
5145,rw
5146,rw
5147,rw
5148,rw
5149,rw
514a,rw
514b,rw
514c,rw
514d,rw
514e,rw
514f,rw
5150,rw
5151,rw
5152,rw
5153,rw
5154,rw
5155,rw
5156,rw
5157,rw
5158,rw
5159,rw
515a,rw
515b,rw
515c,rw
515d,rw
515e,rw
515f,rw
5160,rw
5161,rw
5162,rw
5163,rw
5164,rw
5165,rw
5166,rw
5167,rw
5168,rw
5169,rw
516a,rw
516b,rw
516c,rw
516d,rw
516e,rw
516f,rw
5170,rw
5171,rw
5172,rw
5173,rw
5174,rw
5175,rw
5176,rw
5177,rw
5178,rw
5179,rw
517a,rw
517b,rw
517c,rw
517d,rw
517e,rw
517f,rw
5180,rw
5181,rw
5182,rw
5183,rw
5184,rw
5185,rw
5186,rw
5187,rw
5188,rw
5189,rw
518a,rw
518b,rw
518c,rw
518d,rw
518e,rw
518f,rw
5190,rw
5191,rw
5192,rw
5193,rw
5194,rw
5195,rw
5196,rw
5197,rw
5198,rw
5199,rw
519a,rw
519b,rw
519c,rw
519d,rw
519e,rw
519f,rw
51a0,rw
51a1,rw
51a2,rw
51a3,rw
51a4,rw
51a5,rw
51a6,rw
51a7,rw
51a8,rw
51a9,rw
51aa,rw
51ab,rw
51ac,rw
51ad,rw
51ae,rw
51af,rw
51b0,rw
51b1,rw
51b2,rw
51b3,rw
51b4,rw
51b5,rw
51b6,rw
51b7,rw
51b8,rw
51b9,rw
51ba,rw
51bb,rw
51bc,rw
51bd,rw
51be,rw
51bf,rw
51c0,rw
51c1,rw
51c2,rw
51c3,rw
51c4,rw
51c5,rw
51c6,rw
51c7,rw
51c8,rw
51c9,rw
51ca,rw
51cb,rw
51cc,rw
51cd,rw
51ce,rw
51cf,rw
51d0,rw
51d1,rw
51d2,rw
51d3,rw
51d4,rw
51d5,rw
51d6,rw
51d7,rw
51d8,rw
51d9,rw
51da,rw
51db,rw
51dc,rw
51dd,rw
51de,rw
51df,rw
51e0,rw
51e1,rw
51e2,rw
51e3,rw
51e4,rw
51e5,rw
51e6,rw
51e7,rw
51e8,rw
51e9,rw
51ea,rw
51eb,rw
51ec,rw
51ed,rw
51ee,rw
51ef,rw
51f0,rw
51f1,rw
51f2,rw
51f3,rw
51f4,rw
51f5,rw
51f6,rw
51f7,rw
51f8,rw
51f9,rw
51fa,rw
51fb,rw
51fc,rw
51fd,rw
51fe,rw
51ff,rw
5200,rw
5201,rw
5202,rw
5203,rw
5204,rw
5205,rw
5206,rw
5207,rw
5208,rw
5209,rw
520a,rw
520b,rw
520c,rw
520d,rw
520e,rw
520f,rw
5210,rw
5211,rw
5212,rw
5213,rw
5214,rw
5215,rw
5216,rw
5217,rw
5218,rw
5219,rw
521a,rw
521b,rw
521c,rw
521d,rw
521e,rw
521f,rw
5220,rw
5221,rw
5222,rw
5223,rw
5224,rw
5225,rw
5226,rw
5227,rw
5228,rw
5229,rw
522a,rw
522b,rw
522c,rw
522d,rw
522e,rw
522f,rw
5230,rw
5231,rw
5232,rw
5233,rw
5234,rw
5235,rw
5236,rw
5237,rw
5238,rw
5239,rw
523a,rw
523b,rw
523c,rw
523d,rw
523e,rw
523f,rw
5240,rw
5241,rw
5242,rw
5243,rw
5244,rw
5245,rw
5246,rw
5247,rw
5248,rw
5249,rw
524a,rw
524b,rw
524c,rw
524d,rw
524e,rw
524f,rw
5250,rw
5251,rw
5252,rw
5253,rw
5254,rw
5255,rw
5256,rw
5257,rw
5258,rw
5259,rw
525a,rw
525b,rw
525c,rw
525d,rw
525e,rw
525f,rw
5260,rw
5261,rw
5262,rw
5263,rw
5264,rw
5265,rw
5266,rw
5267,rw
5268,rw
5269,rw
526a,rw
526b,rw
526c,rw
526d,rw
526e,rw
526f,rw
5270,rw
5271,rw
5272,rw
5273,rw
5274,rw
5275,rw
5276,rw
5277,rw
5278,rw
5279,rw
527a,rw
527b,rw
527c,rw
527d,rw
527e,rw
527f,rw
5280,rw
5281,rw
5282,rw
5283,rw
5284,rw
5285,rw
5286,rw
5287,rw
5288,rw
5289,rw
528a,rw
528b,rw
528c,rw
528d,rw
528e,rw
528f,rw
5290,rw
5291,rw
5292,rw
5293,rw
5294,rw
5295,rw
5296,rw
5297,rw
5298,rw
5299,rw
529a,rw
529b,rw
529c,rw
529d,rw
529e,rw
529f,rw
52a0,rw
52a1,rw
52a2,rw
52a3,rw
52a4,rw
52a5,rw
52a6,rw
52a7,rw
52a8,rw
52a9,rw
52aa,rw
52ab,rw
52ac,rw
52ad,rw
52ae,rw
52af,rw
52b0,rw
52b1,rw
52b2,rw
52b3,rw
52b4,rw
52b5,rw
52b6,rw
52b7,rw
52b8,rw
52b9,rw
52ba,rw
52bb,rw
52bc,rw
52bd,rw
52be,rw
52bf,rw
52c0,rw
52c1,rw
52c2,rw
52c3,rw
52c4,rw
52c5,rw
52c6,rw
52c7,rw
52c8,rw
52c9,rw
52ca,rw
52cb,rw
52cc,rw
52cd,rw
52ce,rw
52cf,rw
52d0,rw
52d1,rw
52d2,rw
52d3,rw
52d4,rw
52d5,rw
52d6,rw
52d7,rw
52d8,rw
52d9,rw
52da,rw
52db,rw
52dc,rw
52dd,rw
52de,rw
52df,rw
52e0,rw
52e1,rw
52e2,rw
52e3,rw
52e4,rw
52e5,rw
52e6,rw
52e7,rw
52e8,rw
52e9,rw
52ea,rw
52eb,rw
52ec,rw
52ed,rw
52ee,rw
52ef,rw
52f0,rw
52f1,rw
52f2,rw
52f3,rw
52f4,rw
52f5,rw
52f6,rw
52f7,rw
52f8,rw
52f9,rw
52fa,rw
52fb,rw
52fc,rw
52fd,rw
52fe,rw
52ff,rw
5300,rw
5301,rw
5302,rw
5303,rw
5304,rw
5305,rw
5306,rw
5307,rw
5308,rw
5309,rw
530a,rw
530b,rw
530c,rw
530d,rw
530e,rw
530f,rw
5310,rw
5311,rw
5312,rw
5313,rw
5314,rw
5315,rw
5316,rw
5317,rw
5318,rw
5319,rw
531a,rw
531b,rw
531c,rw
531d,rw
531e,rw
531f,rw
5320,rw
5321,rw
5322,rw
5323,rw
5324,rw
5325,rw
5326,rw
5327,rw
5328,rw
5329,rw
532a,rw
532b,rw
532c,rw
532d,rw
532e,rw
532f,rw
5330,rw
5331,rw
5332,rw
5333,rw
5334,rw
5335,rw
5336,rw
5337,rw
5338,rw
5339,rw
533a,rw
533b,rw
533c,rw
533d,rw
533e,rw
533f,rw
5340,rw
5341,rw
5342,rw
5343,rw
5344,rw
5345,rw
5346,rw
5347,rw
5348,rw
5349,rw
534a,rw
534b,rw
534c,rw
534d,rw
534e,rw
534f,rw
5350,rw
5351,rw
5352,rw
5353,rw
5354,rw
5355,rw
5356,rw
5357,rw
5358,rw
5359,rw
535a,rw
535b,rw
535c,rw
535d,rw
535e,rw
535f,rw
5360,rw
5361,rw
5362,rw
5363,rw
5364,rw
5365,rw
5366,rw
5367,rw
5368,rw
5369,rw
536a,rw
536b,rw
536c,rw
536d,rw
536e,rw
536f,rw
5370,rw
5371,rw
5372,rw
5373,rw
5374,rw
5375,rw
5376,rw
5377,rw
5378,rw
5379,rw
537a,rw
537b,rw
537c,rw
537d,rw
537e,rw
537f,rw
5380,rw
5381,rw
5382,rw
5383,rw
5384,rw
5385,rw
5386,rw
5387,rw
5388,rw
5389,rw
538a,rw
538b,rw
538c,rw
538d,rw
538e,rw
538f,rw
5390,rw
5391,rw
5392,rw
5393,rw
5394,rw
5395,rw
5396,rw
5397,rw
5398,rw
5399,rw
539a,rw
539b,rw
539c,rw
539d,rw
539e,rw
539f,rw
53a0,rw
53a1,rw
53a2,rw
53a3,rw
53a4,rw
53a5,rw
53a6,rw
53a7,rw
53a8,rw
53a9,rw
53aa,rw
53ab,rw
53ac,rw
53ad,rw
53ae,rw
53af,rw
53b0,rw
53b1,rw
53b2,rw
53b3,rw
53b4,rw
53b5,rw
53b6,rw
53b7,rw
53b8,rw
53b9,rw
53ba,rw
53bb,rw
53bc,rw
53bd,rw
53be,rw
53bf,rw
53c0,rw
53c1,rw
53c2,rw
53c3,rw
53c4,rw
53c5,rw
53c6,rw
53c7,rw
53c8,rw
53c9,rw
53ca,rw
53cb,rw
53cc,rw
53cd,rw
53ce,rw
53cf,rw
53d0,rw
53d1,rw
53d2,rw
53d3,rw
53d4,rw
53d5,rw
53d6,rw
53d7,rw
53d8,rw
53d9,rw
53da,rw
53db,rw
53dc,rw
53dd,rw
53de,rw
53df,rw
53e0,rw
53e1,rw
53e2,rw
53e3,rw
53e4,rw
53e5,rw
53e6,rw
53e7,rw
53e8,rw
53e9,rw
53ea,rw
53eb,rw
53ec,rw
53ed,rw
53ee,rw
53ef,rw
53f0,rw
53f1,rw
53f2,rw
53f3,rw
53f4,rw
53f5,rw
53f6,rw
53f7,rw
53f8,rw
53f9,rw
53fa,rw
53fb,rw
53fc,rw
53fd,rw
53fe,rw
53ff,rw
5400,rw
5401,rw
5402,rw
5403,rw
5404,rw
5405,rw
5406,rw
5407,rw
5408,rw
5409,rw
540a,rw
540b,rw
540c,rw
540d,rw
540e,rw
540f,rw
5410,rw
5411,rw
5412,rw
5413,rw
5414,rw
5415,rw
5416,rw
5417,rw
5418,rw
5419,rw
541a,rw
541b,rw
541c,rw
541d,rw
541e,rw
541f,rw
5420,rw
5421,rw
5422,rw
5423,rw
5424,rw
5425,rw
5426,rw
5427,rw
5428,rw
5429,rw
542a,rw
542b,rw
542c,rw
542d,rw
542e,rw
542f,rw
5430,rw
5431,rw
5432,rw
5433,rw
5434,rw
5435,rw
5436,rw
5437,rw
5438,rw
5439,rw
543a,rw
543b,rw
543c,rw
543d,rw
543e,rw
543f,rw
5440,rw
5441,rw
5442,rw
5443,rw
5444,rw
5445,rw
5446,rw
5447,rw
5448,rw
5449,rw
544a,rw
544b,rw
544c,rw
544d,rw
544e,rw
544f,rw
5450,rw
5451,rw
5452,rw
5453,rw
5454,rw
5455,rw
5456,rw
5457,rw
5458,rw
5459,rw
545a,rw
545b,rw
545c,rw
545d,rw
545e,rw
545f,rw
5460,rw
5461,rw
5462,rw
5463,rw
5464,rw
5465,rw
5466,rw
5467,rw
5468,rw
5469,rw
546a,rw
546b,rw
546c,rw
546d,rw
546e,rw
546f,rw
5470,rw
5471,rw
5472,rw
5473,rw
5474,rw
5475,rw
5476,rw
5477,rw
5478,rw
5479,rw
547a,rw
547b,rw
547c,rw
547d,rw
547e,rw
547f,rw
5480,rw
5481,rw
5482,rw
5483,rw
5484,rw
5485,rw
5486,rw
5487,rw
5488,rw
5489,rw
548a,rw
548b,rw
548c,rw
548d,rw
548e,rw
548f,rw
5490,rw
5491,rw
5492,rw
5493,rw
5494,rw
5495,rw
5496,rw
5497,rw
5498,rw
5499,rw
549a,rw
549b,rw
549c,rw
549d,rw
549e,rw
549f,rw
54a0,rw
54a1,rw
54a2,rw
54a3,rw
54a4,rw
54a5,rw
54a6,rw
54a7,rw
54a8,rw
54a9,rw
54aa,rw
54ab,rw
54ac,rw
54ad,rw
54ae,rw
54af,rw
54b0,rw
54b1,rw
54b2,rw
54b3,rw
54b4,rw
54b5,rw
54b6,rw
54b7,rw
54b8,rw
54b9,rw
54ba,rw
54bb,rw
54bc,rw
54bd,rw
54be,rw
54bf,rw
54c0,rw
54c1,rw
54c2,rw
54c3,rw
54c4,rw
54c5,rw
54c6,rw
54c7,rw
54c8,rw
54c9,rw
54ca,rw
54cb,rw
54cc,rw
54cd,rw
54ce,rw
54cf,rw
54d0,rw
54d1,rw
54d2,rw
54d3,rw
54d4,rw
54d5,rw
54d6,rw
54d7,rw
54d8,rw
54d9,rw
54da,rw
54db,rw
54dc,rw
54dd,rw
54de,rw
54df,rw
54e0,rw
54e1,rw
54e2,rw
54e3,rw
54e4,rw
54e5,rw
54e6,rw
54e7,rw
54e8,rw
54e9,rw
54ea,rw
54eb,rw
54ec,rw
54ed,rw
54ee,rw
54ef,rw
54f0,rw
54f1,rw
54f2,rw
54f3,rw
54f4,rw
54f5,rw
54f6,rw
54f7,rw
54f8,rw
54f9,rw
54fa,rw
54fb,rw
54fc,rw
54fd,rw
54fe,rw
54ff,rw
5500,rw
5501,rw
5502,rw
5503,rw
5504,rw
5505,rw
5506,rw
5507,rw
5508,rw
5509,rw
550a,rw
550b,rw
550c,rw
550d,rw
550e,rw
550f,rw
5510,rw
5511,rw
5512,rw
5513,rw
5514,rw
5515,rw
5516,rw
5517,rw
5518,rw
5519,rw
551a,rw
551b,rw
551c,rw
551d,rw
551e,rw
551f,rw
5520,rw
5521,rw
5522,rw
5523,rw
5524,rw
5525,rw
5526,rw
5527,rw
5528,rw
5529,rw
552a,rw
552b,rw
552c,rw
552d,rw
552e,rw
552f,rw
5530,rw
5531,rw
5532,rw
5533,rw
5534,rw
5535,rw
5536,rw
5537,rw
5538,rw
5539,rw
553a,rw
553b,rw
553c,rw
553d,rw
553e,rw
553f,rw
5540,rw
5541,rw
5542,rw
5543,rw
5544,rw
5545,rw
5546,rw
5547,rw
5548,rw
5549,rw
554a,rw
554b,rw
554c,rw
554d,rw
554e,rw
554f,rw
5550,rw
5551,rw
5552,rw
5553,rw
5554,rw
5555,rw
5556,rw
5557,rw
5558,rw
5559,rw
555a,rw
555b,rw
555c,rw
555d,rw
555e,rw
555f,rw
5560,rw
5561,rw
5562,rw
5563,rw
5564,rw
5565,rw
5566,rw
5567,rw
5568,rw
5569,rw
556a,rw
556b,rw
556c,rw
556d,rw
556e,rw
556f,rw
5570,rw
5571,rw
5572,rw
5573,rw
5574,rw
5575,rw
5576,rw
5577,rw
5578,rw
5579,rw
557a,rw
557b,rw
557c,rw
557d,rw
557e,rw
557f,rw
5580,rw
5581,rw
5582,rw
5583,rw
5584,rw
5585,rw
5586,rw
5587,rw
5588,rw
5589,rw
558a,rw
558b,rw
558c,rw
558d,rw
558e,rw
558f,rw
5590,rw
5591,rw
5592,rw
5593,rw
5594,rw
5595,rw
5596,rw
5597,rw
5598,rw
5599,rw
559a,rw
559b,rw
559c,rw
559d,rw
559e,rw
559f,rw
55a0,rw
55a1,rw
55a2,rw
55a3,rw
55a4,rw
55a5,rw
55a6,rw
55a7,rw
55a8,rw
55a9,rw
55aa,rw
55ab,rw
55ac,rw
55ad,rw
55ae,rw
55af,rw
55b0,rw
55b1,rw
55b2,rw
55b3,rw
55b4,rw
55b5,rw
55b6,rw
55b7,rw
55b8,rw
55b9,rw
55ba,rw
55bb,rw
55bc,rw
55bd,rw
55be,rw
55bf,rw
55c0,rw
55c1,rw
55c2,rw
55c3,rw
55c4,rw
55c5,rw
55c6,rw
55c7,rw
55c8,rw
55c9,rw
55ca,rw
55cb,rw
55cc,rw
55cd,rw
55ce,rw
55cf,rw
55d0,rw
55d1,rw
55d2,rw
55d3,rw
55d4,rw
55d5,rw
55d6,rw
55d7,rw
55d8,rw
55d9,rw
55da,rw
55db,rw
55dc,rw
55dd,rw
55de,rw
55df,rw
55e0,rw
55e1,rw
55e2,rw
55e3,rw
55e4,rw
55e5,rw
55e6,rw
55e7,rw
55e8,rw
55e9,rw
55ea,rw
55eb,rw
55ec,rw
55ed,rw
55ee,rw
55ef,rw
55f0,rw
55f1,rw
55f2,rw
55f3,rw
55f4,rw
55f5,rw
55f6,rw
55f7,rw
55f8,rw
55f9,rw
55fa,rw
55fb,rw
55fc,rw
55fd,rw
55fe,rw
55ff,rw
5600,rw
5601,rw
5602,rw
5603,rw
5604,rw
5605,rw
5606,rw
5607,rw
5608,rw
5609,rw
560a,rw
560b,rw
560c,rw
560d,rw
560e,rw
560f,rw
5610,rw
5611,rw
5612,rw
5613,rw
5614,rw
5615,rw
5616,rw
5617,rw
5618,rw
5619,rw
561a,rw
561b,rw
561c,rw
561d,rw
561e,rw
561f,rw
5620,rw
5621,rw
5622,rw
5623,rw
5624,rw
5625,rw
5626,rw
5627,rw
5628,rw
5629,rw
562a,rw
562b,rw
562c,rw
562d,rw
562e,rw
562f,rw
5630,rw
5631,rw
5632,rw
5633,rw
5634,rw
5635,rw
5636,rw
5637,rw
5638,rw
5639,rw
563a,rw
563b,rw
563c,rw
563d,rw
563e,rw
563f,rw
5640,rw
5641,rw
5642,rw
5643,rw
5644,rw
5645,rw
5646,rw
5647,rw
5648,rw
5649,rw
564a,rw
564b,rw
564c,rw
564d,rw
564e,rw
564f,rw
5650,rw
5651,rw
5652,rw
5653,rw
5654,rw
5655,rw
5656,rw
5657,rw
5658,rw
5659,rw
565a,rw
565b,rw
565c,rw
565d,rw
565e,rw
565f,rw
5660,rw
5661,rw
5662,rw
5663,rw
5664,rw
5665,rw
5666,rw
5667,rw
5668,rw
5669,rw
566a,rw
566b,rw
566c,rw
566d,rw
566e,rw
566f,rw
5670,rw
5671,rw
5672,rw
5673,rw
5674,rw
5675,rw
5676,rw
5677,rw
5678,rw
5679,rw
567a,rw
567b,rw
567c,rw
567d,rw
567e,rw
567f,rw
5680,rw
5681,rw
5682,rw
5683,rw
5684,rw
5685,rw
5686,rw
5687,rw
5688,rw
5689,rw
568a,rw
568b,rw
568c,rw
568d,rw
568e,rw
568f,rw
5690,rw
5691,rw
5692,rw
5693,rw
5694,rw
5695,rw
5696,rw
5697,rw
5698,rw
5699,rw
569a,rw
569b,rw
569c,rw
569d,rw
569e,rw
569f,rw
56a0,rw
56a1,rw
56a2,rw
56a3,rw
56a4,rw
56a5,rw
56a6,rw
56a7,rw
56a8,rw
56a9,rw
56aa,rw
56ab,rw
56ac,rw
56ad,rw
56ae,rw
56af,rw
56b0,rw
56b1,rw
56b2,rw
56b3,rw
56b4,rw
56b5,rw
56b6,rw
56b7,rw
56b8,rw
56b9,rw
56ba,rw
56bb,rw
56bc,rw
56bd,rw
56be,rw
56bf,rw
56c0,rw
56c1,rw
56c2,rw
56c3,rw
56c4,rw
56c5,rw
56c6,rw
56c7,rw
56c8,rw
56c9,rw
56ca,rw
56cb,rw
56cc,rw
56cd,rw
56ce,rw
56cf,rw
56d0,rw
56d1,rw
56d2,rw
56d3,rw
56d4,rw
56d5,rw
56d6,rw
56d7,rw
56d8,rw
56d9,rw
56da,rw
56db,rw
56dc,rw
56dd,rw
56de,rw
56df,rw
56e0,rw
56e1,rw
56e2,rw
56e3,rw
56e4,rw
56e5,rw
56e6,rw
56e7,rw
56e8,rw
56e9,rw
56ea,rw
56eb,rw
56ec,rw
56ed,rw
56ee,rw
56ef,rw
56f0,rw
56f1,rw
56f2,rw
56f3,rw
56f4,rw
56f5,rw
56f6,rw
56f7,rw
56f8,rw
56f9,rw
56fa,rw
56fb,rw
56fc,rw
56fd,rw
56fe,rw
56ff,rw
5700,rw
5701,rw
5702,rw
5703,rw
5704,rw
5705,rw
5706,rw
5707,rw
5708,rw
5709,rw
570a,rw
570b,rw
570c,rw
570d,rw
570e,rw
570f,rw
5710,rw
5711,rw
5712,rw
5713,rw
5714,rw
5715,rw
5716,rw
5717,rw
5718,rw
5719,rw
571a,rw
571b,rw
571c,rw
571d,rw
571e,rw
571f,rw
5720,rw
5721,rw
5722,rw
5723,rw
5724,rw
5725,rw
5726,rw
5727,rw
5728,rw
5729,rw
572a,rw
572b,rw
572c,rw
572d,rw
572e,rw
572f,rw
5730,rw
5731,rw
5732,rw
5733,rw
5734,rw
5735,rw
5736,rw
5737,rw
5738,rw
5739,rw
573a,rw
573b,rw
573c,rw
573d,rw
573e,rw
573f,rw
5740,rw
5741,rw
5742,rw
5743,rw
5744,rw
5745,rw
5746,rw
5747,rw
5748,rw
5749,rw
574a,rw
574b,rw
574c,rw
574d,rw
574e,rw
574f,rw
5750,rw
5751,rw
5752,rw
5753,rw
5754,rw
5755,rw
5756,rw
5757,rw
5758,rw
5759,rw
575a,rw
575b,rw
575c,rw
575d,rw
575e,rw
575f,rw
5760,rw
5761,rw
5762,rw
5763,rw
5764,rw
5765,rw
5766,rw
5767,rw
5768,rw
5769,rw
576a,rw
576b,rw
576c,rw
576d,rw
576e,rw
576f,rw
5770,rw
5771,rw
5772,rw
5773,rw
5774,rw
5775,rw
5776,rw
5777,rw
5778,rw
5779,rw
577a,rw
577b,rw
577c,rw
577d,rw
577e,rw
577f,rw
5780,rw
5781,rw
5782,rw
5783,rw
5784,rw
5785,rw
5786,rw
5787,rw
5788,rw
5789,rw
578a,rw
578b,rw
578c,rw
578d,rw
578e,rw
578f,rw
5790,rw
5791,rw
5792,rw
5793,rw
5794,rw
5795,rw
5796,rw
5797,rw
5798,rw
5799,rw
579a,rw
579b,rw
579c,rw
579d,rw
579e,rw
579f,rw
57a0,rw
57a1,rw
57a2,rw
57a3,rw
57a4,rw
57a5,rw
57a6,rw
57a7,rw
57a8,rw
57a9,rw
57aa,rw
57ab,rw
57ac,rw
57ad,rw
57ae,rw
57af,rw
57b0,rw
57b1,rw
57b2,rw
57b3,rw
57b4,rw
57b5,rw
57b6,rw
57b7,rw
57b8,rw
57b9,rw
57ba,rw
57bb,rw
57bc,rw
57bd,rw
57be,rw
57bf,rw
57c0,rw
57c1,rw
57c2,rw
57c3,rw
57c4,rw
57c5,rw
57c6,rw
57c7,rw
57c8,rw
57c9,rw
57ca,rw
57cb,rw
57cc,rw
57cd,rw
57ce,rw
57cf,rw
57d0,rw
57d1,rw
57d2,rw
57d3,rw
57d4,rw
57d5,rw
57d6,rw
57d7,rw
57d8,rw
57d9,rw
57da,rw
57db,rw
57dc,rw
57dd,rw
57de,rw
57df,rw
57e0,rw
57e1,rw
57e2,rw
57e3,rw
57e4,rw
57e5,rw
57e6,rw
57e7,rw
57e8,rw
57e9,rw
57ea,rw
57eb,rw
57ec,rw
57ed,rw
57ee,rw
57ef,rw
57f0,rw
57f1,rw
57f2,rw
57f3,rw
57f4,rw
57f5,rw
57f6,rw
57f7,rw
57f8,rw
57f9,rw
57fa,rw
57fb,rw
57fc,rw
57fd,rw
57fe,rw
57ff,rw
5800,rw
5801,rw
5802,rw
5803,rw
5804,rw
5805,rw
5806,rw
5807,rw
5808,rw
5809,rw
580a,rw
580b,rw
580c,rw
580d,rw
580e,rw
580f,rw
5810,rw
5811,rw
5812,rw
5813,rw
5814,rw
5815,rw
5816,rw
5817,rw
5818,rw
5819,rw
581a,rw
581b,rw
581c,rw
581d,rw
581e,rw
581f,rw
5820,rw
5821,rw
5822,rw
5823,rw
5824,rw
5825,rw
5826,rw
5827,rw
5828,rw
5829,rw
582a,rw
582b,rw
582c,rw
582d,rw
582e,rw
582f,rw
5830,rw
5831,rw
5832,rw
5833,rw
5834,rw
5835,rw
5836,rw
5837,rw
5838,rw
5839,rw
583a,rw
583b,rw
583c,rw
583d,rw
583e,rw
583f,rw
5840,rw
5841,rw
5842,rw
5843,rw
5844,rw
5845,rw
5846,rw
5847,rw
5848,rw
5849,rw
584a,rw
584b,rw
584c,rw
584d,rw
584e,rw
584f,rw
5850,rw
5851,rw
5852,rw
5853,rw
5854,rw
5855,rw
5856,rw
5857,rw
5858,rw
5859,rw
585a,rw
585b,rw
585c,rw
585d,rw
585e,rw
585f,rw
5860,rw
5861,rw
5862,rw
5863,rw
5864,rw
5865,rw
5866,rw
5867,rw
5868,rw
5869,rw
586a,rw
586b,rw
586c,rw
586d,rw
586e,rw
586f,rw
5870,rw
5871,rw
5872,rw
5873,rw
5874,rw
5875,rw
5876,rw
5877,rw
5878,rw
5879,rw
587a,rw
587b,rw
587c,rw
587d,rw
587e,rw
587f,rw
5880,rw
5881,rw
5882,rw
5883,rw
5884,rw
5885,rw
5886,rw
5887,rw
5888,rw
5889,rw
588a,rw
588b,rw
588c,rw
588d,rw
588e,rw
588f,rw
5890,rw
5891,rw
5892,rw
5893,rw
5894,rw
5895,rw
5896,rw
5897,rw
5898,rw
5899,rw
589a,rw
589b,rw
589c,rw
589d,rw
589e,rw
589f,rw
58a0,rw
58a1,rw
58a2,rw
58a3,rw
58a4,rw
58a5,rw
58a6,rw
58a7,rw
58a8,rw
58a9,rw
58aa,rw
58ab,rw
58ac,rw
58ad,rw
58ae,rw
58af,rw
58b0,rw
58b1,rw
58b2,rw
58b3,rw
58b4,rw
58b5,rw
58b6,rw
58b7,rw
58b8,rw
58b9,rw
58ba,rw
58bb,rw
58bc,rw
58bd,rw
58be,rw
58bf,rw
58c0,rw
58c1,rw
58c2,rw
58c3,rw
58c4,rw
58c5,rw
58c6,rw
58c7,rw
58c8,rw
58c9,rw
58ca,rw
58cb,rw
58cc,rw
58cd,rw
58ce,rw
58cf,rw
58d0,rw
58d1,rw
58d2,rw
58d3,rw
58d4,rw
58d5,rw
58d6,rw
58d7,rw
58d8,rw
58d9,rw
58da,rw
58db,rw
58dc,rw
58dd,rw
58de,rw
58df,rw
58e0,rw
58e1,rw
58e2,rw
58e3,rw
58e4,rw
58e5,rw
58e6,rw
58e7,rw
58e8,rw
58e9,rw
58ea,rw
58eb,rw
58ec,rw
58ed,rw
58ee,rw
58ef,rw
58f0,rw
58f1,rw
58f2,rw
58f3,rw
58f4,rw
58f5,rw
58f6,rw
58f7,rw
58f8,rw
58f9,rw
58fa,rw
58fb,rw
58fc,rw
58fd,rw
58fe,rw
58ff,rw
5900,rw
5901,rw
5902,rw
5903,rw
5904,rw
5905,rw
5906,rw
5907,rw
5908,rw
5909,rw
590a,rw
590b,rw
590c,rw
590d,rw
590e,rw
590f,rw
5910,rw
5911,rw
5912,rw
5913,rw
5914,rw
5915,rw
5916,rw
5917,rw
5918,rw
5919,rw
591a,rw
591b,rw
591c,rw
591d,rw
591e,rw
591f,rw
5920,rw
5921,rw
5922,rw
5923,rw
5924,rw
5925,rw
5926,rw
5927,rw
5928,rw
5929,rw
592a,rw
592b,rw
592c,rw
592d,rw
592e,rw
592f,rw
5930,rw
5931,rw
5932,rw
5933,rw
5934,rw
5935,rw
5936,rw
5937,rw
5938,rw
5939,rw
593a,rw
593b,rw
593c,rw
593d,rw
593e,rw
593f,rw
5940,rw
5941,rw
5942,rw
5943,rw
5944,rw
5945,rw
5946,rw
5947,rw
5948,rw
5949,rw
594a,rw
594b,rw
594c,rw
594d,rw
594e,rw
594f,rw
5950,rw
5951,rw
5952,rw
5953,rw
5954,rw
5955,rw
5956,rw
5957,rw
5958,rw
5959,rw
595a,rw
595b,rw
595c,rw
595d,rw
595e,rw
595f,rw
5960,rw
5961,rw
5962,rw
5963,rw
5964,rw
5965,rw
5966,rw
5967,rw
5968,rw
5969,rw
596a,rw
596b,rw
596c,rw
596d,rw
596e,rw
596f,rw
5970,rw
5971,rw
5972,rw
5973,rw
5974,rw
5975,rw
5976,rw
5977,rw
5978,rw
5979,rw
597a,rw
597b,rw
597c,rw
597d,rw
597e,rw
597f,rw
5980,rw
5981,rw
5982,rw
5983,rw
5984,rw
5985,rw
5986,rw
5987,rw
5988,rw
5989,rw
598a,rw
598b,rw
598c,rw
598d,rw
598e,rw
598f,rw
5990,rw
5991,rw
5992,rw
5993,rw
5994,rw
5995,rw
5996,rw
5997,rw
5998,rw
5999,rw
599a,rw
599b,rw
599c,rw
599d,rw
599e,rw
599f,rw
59a0,rw
59a1,rw
59a2,rw
59a3,rw
59a4,rw
59a5,rw
59a6,rw
59a7,rw
59a8,rw
59a9,rw
59aa,rw
59ab,rw
59ac,rw
59ad,rw
59ae,rw
59af,rw
59b0,rw
59b1,rw
59b2,rw
59b3,rw
59b4,rw
59b5,rw
59b6,rw
59b7,rw
59b8,rw
59b9,rw
59ba,rw
59bb,rw
59bc,rw
59bd,rw
59be,rw
59bf,rw
59c0,rw
59c1,rw
59c2,rw
59c3,rw
59c4,rw
59c5,rw
59c6,rw
59c7,rw
59c8,rw
59c9,rw
59ca,rw
59cb,rw
59cc,rw
59cd,rw
59ce,rw
59cf,rw
59d0,rw
59d1,rw
59d2,rw
59d3,rw
59d4,rw
59d5,rw
59d6,rw
59d7,rw
59d8,rw
59d9,rw
59da,rw
59db,rw
59dc,rw
59dd,rw
59de,rw
59df,rw
59e0,rw
59e1,rw
59e2,rw
59e3,rw
59e4,rw
59e5,rw
59e6,rw
59e7,rw
59e8,rw
59e9,rw
59ea,rw
59eb,rw
59ec,rw
59ed,rw
59ee,rw
59ef,rw
59f0,rw
59f1,rw
59f2,rw
59f3,rw
59f4,rw
59f5,rw
59f6,rw
59f7,rw
59f8,rw
59f9,rw
59fa,rw
59fb,rw
59fc,rw
59fd,rw
59fe,rw
59ff,rw
5a00,rw
5a01,rw
5a02,rw
5a03,rw
5a04,rw
5a05,rw
5a06,rw
5a07,rw
5a08,rw
5a09,rw
5a0a,rw
5a0b,rw
5a0c,rw
5a0d,rw
5a0e,rw
5a0f,rw
5a10,rw
5a11,rw
5a12,rw
5a13,rw
5a14,rw
5a15,rw
5a16,rw
5a17,rw
5a18,rw
5a19,rw
5a1a,rw
5a1b,rw
5a1c,rw
5a1d,rw
5a1e,rw
5a1f,rw
5a20,rw
5a21,rw
5a22,rw
5a23,rw
5a24,rw
5a25,rw
5a26,rw
5a27,rw
5a28,rw
5a29,rw
5a2a,rw
5a2b,rw
5a2c,rw
5a2d,rw
5a2e,rw
5a2f,rw
5a30,rw
5a31,rw
5a32,rw
5a33,rw
5a34,rw
5a35,rw
5a36,rw
5a37,rw
5a38,rw
5a39,rw
5a3a,rw
5a3b,rw
5a3c,rw
5a3d,rw
5a3e,rw
5a3f,rw
5a40,rw
5a41,rw
5a42,rw
5a43,rw
5a44,rw
5a45,rw
5a46,rw
5a47,rw
5a48,rw
5a49,rw
5a4a,rw
5a4b,rw
5a4c,rw
5a4d,rw
5a4e,rw
5a4f,rw
5a50,rw
5a51,rw
5a52,rw
5a53,rw
5a54,rw
5a55,rw
5a56,rw
5a57,rw
5a58,rw
5a59,rw
5a5a,rw
5a5b,rw
5a5c,rw
5a5d,rw
5a5e,rw
5a5f,rw
5a60,rw
5a61,rw
5a62,rw
5a63,rw
5a64,rw
5a65,rw
5a66,rw
5a67,rw
5a68,rw
5a69,rw
5a6a,rw
5a6b,rw
5a6c,rw
5a6d,rw
5a6e,rw
5a6f,rw
5a70,rw
5a71,rw
5a72,rw
5a73,rw
5a74,rw
5a75,rw
5a76,rw
5a77,rw
5a78,rw
5a79,rw
5a7a,rw
5a7b,rw
5a7c,rw
5a7d,rw
5a7e,rw
5a7f,rw
5a80,rw
5a81,rw
5a82,rw
5a83,rw
5a84,rw
5a85,rw
5a86,rw
5a87,rw
5a88,rw
5a89,rw
5a8a,rw
5a8b,rw
5a8c,rw
5a8d,rw
5a8e,rw
5a8f,rw
5a90,rw
5a91,rw
5a92,rw
5a93,rw
5a94,rw
5a95,rw
5a96,rw
5a97,rw
5a98,rw
5a99,rw
5a9a,rw
5a9b,rw
5a9c,rw
5a9d,rw
5a9e,rw
5a9f,rw
5aa0,rw
5aa1,rw
5aa2,rw
5aa3,rw
5aa4,rw
5aa5,rw
5aa6,rw
5aa7,rw
5aa8,rw
5aa9,rw
5aaa,rw
5aab,rw
5aac,rw
5aad,rw
5aae,rw
5aaf,rw
5ab0,rw
5ab1,rw
5ab2,rw
5ab3,rw
5ab4,rw
5ab5,rw
5ab6,rw
5ab7,rw
5ab8,rw
5ab9,rw
5aba,rw
5abb,rw
5abc,rw
5abd,rw
5abe,rw
5abf,rw
5ac0,rw
5ac1,rw
5ac2,rw
5ac3,rw
5ac4,rw
5ac5,rw
5ac6,rw
5ac7,rw
5ac8,rw
5ac9,rw
5aca,rw
5acb,rw
5acc,rw
5acd,rw
5ace,rw
5acf,rw
5ad0,rw
5ad1,rw
5ad2,rw
5ad3,rw
5ad4,rw
5ad5,rw
5ad6,rw
5ad7,rw
5ad8,rw
5ad9,rw
5ada,rw
5adb,rw
5adc,rw
5add,rw
5ade,rw
5adf,rw
5ae0,rw
5ae1,rw
5ae2,rw
5ae3,rw
5ae4,rw
5ae5,rw
5ae6,rw
5ae7,rw
5ae8,rw
5ae9,rw
5aea,rw
5aeb,rw
5aec,rw
5aed,rw
5aee,rw
5aef,rw
5af0,rw
5af1,rw
5af2,rw
5af3,rw
5af4,rw
5af5,rw
5af6,rw
5af7,rw
5af8,rw
5af9,rw
5afa,rw
5afb,rw
5afc,rw
5afd,rw
5afe,rw
5aff,rw
5b00,rw
5b01,rw
5b02,rw
5b03,rw
5b04,rw
5b05,rw
5b06,rw
5b07,rw
5b08,rw
5b09,rw
5b0a,rw
5b0b,rw
5b0c,rw
5b0d,rw
5b0e,rw
5b0f,rw
5b10,rw
5b11,rw
5b12,rw
5b13,rw
5b14,rw
5b15,rw
5b16,rw
5b17,rw
5b18,rw
5b19,rw
5b1a,rw
5b1b,rw
5b1c,rw
5b1d,rw
5b1e,rw
5b1f,rw
5b20,rw
5b21,rw
5b22,rw
5b23,rw
5b24,rw
5b25,rw
5b26,rw
5b27,rw
5b28,rw
5b29,rw
5b2a,rw
5b2b,rw
5b2c,rw
5b2d,rw
5b2e,rw
5b2f,rw
5b30,rw
5b31,rw
5b32,rw
5b33,rw
5b34,rw
5b35,rw
5b36,rw
5b37,rw
5b38,rw
5b39,rw
5b3a,rw
5b3b,rw
5b3c,rw
5b3d,rw
5b3e,rw
5b3f,rw
5b40,rw
5b41,rw
5b42,rw
5b43,rw
5b44,rw
5b45,rw
5b46,rw
5b47,rw
5b48,rw
5b49,rw
5b4a,rw
5b4b,rw
5b4c,rw
5b4d,rw
5b4e,rw
5b4f,rw
5b50,rw
5b51,rw
5b52,rw
5b53,rw
5b54,rw
5b55,rw
5b56,rw
5b57,rw
5b58,rw
5b59,rw
5b5a,rw
5b5b,rw
5b5c,rw
5b5d,rw
5b5e,rw
5b5f,rw
5b60,rw
5b61,rw
5b62,rw
5b63,rw
5b64,rw
5b65,rw
5b66,rw
5b67,rw
5b68,rw
5b69,rw
5b6a,rw
5b6b,rw
5b6c,rw
5b6d,rw
5b6e,rw
5b6f,rw
5b70,rw
5b71,rw
5b72,rw
5b73,rw
5b74,rw
5b75,rw
5b76,rw
5b77,rw
5b78,rw
5b79,rw
5b7a,rw
5b7b,rw
5b7c,rw
5b7d,rw
5b7e,rw
5b7f,rw
5b80,rw
5b81,rw
5b82,rw
5b83,rw
5b84,rw
5b85,rw
5b86,rw
5b87,rw
5b88,rw
5b89,rw
5b8a,rw
5b8b,rw
5b8c,rw
5b8d,rw
5b8e,rw
5b8f,rw
5b90,rw
5b91,rw
5b92,rw
5b93,rw
5b94,rw
5b95,rw
5b96,rw
5b97,rw
5b98,rw
5b99,rw
5b9a,rw
5b9b,rw
5b9c,rw
5b9d,rw
5b9e,rw
5b9f,rw
5ba0,rw
5ba1,rw
5ba2,rw
5ba3,rw
5ba4,rw
5ba5,rw
5ba6,rw
5ba7,rw
5ba8,rw
5ba9,rw
5baa,rw
5bab,rw
5bac,rw
5bad,rw
5bae,rw
5baf,rw
5bb0,rw
5bb1,rw
5bb2,rw
5bb3,rw
5bb4,rw
5bb5,rw
5bb6,rw
5bb7,rw
5bb8,rw
5bb9,rw
5bba,rw
5bbb,rw
5bbc,rw
5bbd,rw
5bbe,rw
5bbf,rw
5bc0,rw
5bc1,rw
5bc2,rw
5bc3,rw
5bc4,rw
5bc5,rw
5bc6,rw
5bc7,rw
5bc8,rw
5bc9,rw
5bca,rw
5bcb,rw
5bcc,rw
5bcd,rw
5bce,rw
5bcf,rw
5bd0,rw
5bd1,rw
5bd2,rw
5bd3,rw
5bd4,rw
5bd5,rw
5bd6,rw
5bd7,rw
5bd8,rw
5bd9,rw
5bda,rw
5bdb,rw
5bdc,rw
5bdd,rw
5bde,rw
5bdf,rw
5be0,rw
5be1,rw
5be2,rw
5be3,rw
5be4,rw
5be5,rw
5be6,rw
5be7,rw
5be8,rw
5be9,rw
5bea,rw
5beb,rw
5bec,rw
5bed,rw
5bee,rw
5bef,rw
5bf0,rw
5bf1,rw
5bf2,rw
5bf3,rw
5bf4,rw
5bf5,rw
5bf6,rw
5bf7,rw
5bf8,rw
5bf9,rw
5bfa,rw
5bfb,rw
5bfc,rw
5bfd,rw
5bfe,rw
5bff,rw
5c00,rw
5c01,rw
5c02,rw
5c03,rw
5c04,rw
5c05,rw
5c06,rw
5c07,rw
5c08,rw
5c09,rw
5c0a,rw
5c0b,rw
5c0c,rw
5c0d,rw
5c0e,rw
5c0f,rw
5c10,rw
5c11,rw
5c12,rw
5c13,rw
5c14,rw
5c15,rw
5c16,rw
5c17,rw
5c18,rw
5c19,rw
5c1a,rw
5c1b,rw
5c1c,rw
5c1d,rw
5c1e,rw
5c1f,rw
5c20,rw
5c21,rw
5c22,rw
5c23,rw
5c24,rw
5c25,rw
5c26,rw
5c27,rw
5c28,rw
5c29,rw
5c2a,rw
5c2b,rw
5c2c,rw
5c2d,rw
5c2e,rw
5c2f,rw
5c30,rw
5c31,rw
5c32,rw
5c33,rw
5c34,rw
5c35,rw
5c36,rw
5c37,rw
5c38,rw
5c39,rw
5c3a,rw
5c3b,rw
5c3c,rw
5c3d,rw
5c3e,rw
5c3f,rw
5c40,rw
5c41,rw
5c42,rw
5c43,rw
5c44,rw
5c45,rw
5c46,rw
5c47,rw
5c48,rw
5c49,rw
5c4a,rw
5c4b,rw
5c4c,rw
5c4d,rw
5c4e,rw
5c4f,rw
5c50,rw
5c51,rw
5c52,rw
5c53,rw
5c54,rw
5c55,rw
5c56,rw
5c57,rw
5c58,rw
5c59,rw
5c5a,rw
5c5b,rw
5c5c,rw
5c5d,rw
5c5e,rw
5c5f,rw
5c60,rw
5c61,rw
5c62,rw
5c63,rw
5c64,rw
5c65,rw
5c66,rw
5c67,rw
5c68,rw
5c69,rw
5c6a,rw
5c6b,rw
5c6c,rw
5c6d,rw
5c6e,rw
5c6f,rw
5c70,rw
5c71,rw
5c72,rw
5c73,rw
5c74,rw
5c75,rw
5c76,rw
5c77,rw
5c78,rw
5c79,rw
5c7a,rw
5c7b,rw
5c7c,rw
5c7d,rw
5c7e,rw
5c7f,rw
5c80,rw
5c81,rw
5c82,rw
5c83,rw
5c84,rw
5c85,rw
5c86,rw
5c87,rw
5c88,rw
5c89,rw
5c8a,rw
5c8b,rw
5c8c,rw
5c8d,rw
5c8e,rw
5c8f,rw
5c90,rw
5c91,rw
5c92,rw
5c93,rw
5c94,rw
5c95,rw
5c96,rw
5c97,rw
5c98,rw
5c99,rw
5c9a,rw
5c9b,rw
5c9c,rw
5c9d,rw
5c9e,rw
5c9f,rw
5ca0,rw
5ca1,rw
5ca2,rw
5ca3,rw
5ca4,rw
5ca5,rw
5ca6,rw
5ca7,rw
5ca8,rw
5ca9,rw
5caa,rw
5cab,rw
5cac,rw
5cad,rw
5cae,rw
5caf,rw
5cb0,rw
5cb1,rw
5cb2,rw
5cb3,rw
5cb4,rw
5cb5,rw
5cb6,rw
5cb7,rw
5cb8,rw
5cb9,rw
5cba,rw
5cbb,rw
5cbc,rw
5cbd,rw
5cbe,rw
5cbf,rw
5cc0,rw
5cc1,rw
5cc2,rw
5cc3,rw
5cc4,rw
5cc5,rw
5cc6,rw
5cc7,rw
5cc8,rw
5cc9,rw
5cca,rw
5ccb,rw
5ccc,rw
5ccd,rw
5cce,rw
5ccf,rw
5cd0,rw
5cd1,rw
5cd2,rw
5cd3,rw
5cd4,rw
5cd5,rw
5cd6,rw
5cd7,rw
5cd8,rw
5cd9,rw
5cda,rw
5cdb,rw
5cdc,rw
5cdd,rw
5cde,rw
5cdf,rw
5ce0,rw
5ce1,rw
5ce2,rw
5ce3,rw
5ce4,rw
5ce5,rw
5ce6,rw
5ce7,rw
5ce8,rw
5ce9,rw
5cea,rw
5ceb,rw
5cec,rw
5ced,rw
5cee,rw
5cef,rw
5cf0,rw
5cf1,rw
5cf2,rw
5cf3,rw
5cf4,rw
5cf5,rw
5cf6,rw
5cf7,rw
5cf8,rw
5cf9,rw
5cfa,rw
5cfb,rw
5cfc,rw
5cfd,rw
5cfe,rw
5cff,rw
5d00,rw
5d01,rw
5d02,rw
5d03,rw
5d04,rw
5d05,rw
5d06,rw
5d07,rw
5d08,rw
5d09,rw
5d0a,rw
5d0b,rw
5d0c,rw
5d0d,rw
5d0e,rw
5d0f,rw
5d10,rw
5d11,rw
5d12,rw
5d13,rw
5d14,rw
5d15,rw
5d16,rw
5d17,rw
5d18,rw
5d19,rw
5d1a,rw
5d1b,rw
5d1c,rw
5d1d,rw
5d1e,rw
5d1f,rw
5d20,rw
5d21,rw
5d22,rw
5d23,rw
5d24,rw
5d25,rw
5d26,rw
5d27,rw
5d28,rw
5d29,rw
5d2a,rw
5d2b,rw
5d2c,rw
5d2d,rw
5d2e,rw
5d2f,rw
5d30,rw
5d31,rw
5d32,rw
5d33,rw
5d34,rw
5d35,rw
5d36,rw
5d37,rw
5d38,rw
5d39,rw
5d3a,rw
5d3b,rw
5d3c,rw
5d3d,rw
5d3e,rw
5d3f,rw
5d40,rw
5d41,rw
5d42,rw
5d43,rw
5d44,rw
5d45,rw
5d46,rw
5d47,rw
5d48,rw
5d49,rw
5d4a,rw
5d4b,rw
5d4c,rw
5d4d,rw
5d4e,rw
5d4f,rw
5d50,rw
5d51,rw
5d52,rw
5d53,rw
5d54,rw
5d55,rw
5d56,rw
5d57,rw
5d58,rw
5d59,rw
5d5a,rw
5d5b,rw
5d5c,rw
5d5d,rw
5d5e,rw
5d5f,rw
5d60,rw
5d61,rw
5d62,rw
5d63,rw
5d64,rw
5d65,rw
5d66,rw
5d67,rw
5d68,rw
5d69,rw
5d6a,rw
5d6b,rw
5d6c,rw
5d6d,rw
5d6e,rw
5d6f,rw
5d70,rw
5d71,rw
5d72,rw
5d73,rw
5d74,rw
5d75,rw
5d76,rw
5d77,rw
5d78,rw
5d79,rw
5d7a,rw
5d7b,rw
5d7c,rw
5d7d,rw
5d7e,rw
5d7f,rw
5d80,rw
5d81,rw
5d82,rw
5d83,rw
5d84,rw
5d85,rw
5d86,rw
5d87,rw
5d88,rw
5d89,rw
5d8a,rw
5d8b,rw
5d8c,rw
5d8d,rw
5d8e,rw
5d8f,rw
5d90,rw
5d91,rw
5d92,rw
5d93,rw
5d94,rw
5d95,rw
5d96,rw
5d97,rw
5d98,rw
5d99,rw
5d9a,rw
5d9b,rw
5d9c,rw
5d9d,rw
5d9e,rw
5d9f,rw
5da0,rw
5da1,rw
5da2,rw
5da3,rw
5da4,rw
5da5,rw
5da6,rw
5da7,rw
5da8,rw
5da9,rw
5daa,rw
5dab,rw
5dac,rw
5dad,rw
5dae,rw
5daf,rw
5db0,rw
5db1,rw
5db2,rw
5db3,rw
5db4,rw
5db5,rw
5db6,rw
5db7,rw
5db8,rw
5db9,rw
5dba,rw
5dbb,rw
5dbc,rw
5dbd,rw
5dbe,rw
5dbf,rw
5dc0,rw
5dc1,rw
5dc2,rw
5dc3,rw
5dc4,rw
5dc5,rw
5dc6,rw
5dc7,rw
5dc8,rw
5dc9,rw
5dca,rw
5dcb,rw
5dcc,rw
5dcd,rw
5dce,rw
5dcf,rw
5dd0,rw
5dd1,rw
5dd2,rw
5dd3,rw
5dd4,rw
5dd5,rw
5dd6,rw
5dd7,rw
5dd8,rw
5dd9,rw
5dda,rw
5ddb,rw
5ddc,rw
5ddd,rw
5dde,rw
5ddf,rw
5de0,rw
5de1,rw
5de2,rw
5de3,rw
5de4,rw
5de5,rw
5de6,rw
5de7,rw
5de8,rw
5de9,rw
5dea,rw
5deb,rw